店铺id,店铺名,评论总数,人均价格,标签1,标签2,详情链接,图片链接,店铺总分
icDdwj0r8Wi0dkKs,Kyochon1991校村(共和路店),2694条评价,￥57,韩式小吃,上海火车站/客运汽车总站,https://www.dianping.com/shop/icDdwj0r8Wi0dkKs,https://p0.meituan.net/biztone/04fab35ce78ab9a4cc987641de243fdf128619.jpg%40340w_255h_1e_1c_1l%7Cwatermark%3D0,4.0
jCwTI36yK9Voz9Bk,HONGA HONGA雄家(曹路店),3337条评价,￥73,韩国料理,曹路,https://www.dianping.com/shop/jCwTI36yK9Voz9Bk,http://p0.meituan.net/merchant/7b68bbeae39e46d757e6a3a64f994d72266230.jpg%40340w_255h_1e_1c_1l%7Cwatermark%3D0,5.0
G2tTvZzD8XV5Lcqs,啊撒啊撒아싸아싸(韩国街店),1123条评价,￥99,韩国料理,虹桥镇,https://www.dianping.com/shop/G2tTvZzD8XV5Lcqs,https://p0.meituan.net/biztone/8ccdb5a43d529b5ef6fa4eed59f1c522183457.jpg%40340w_255h_1e_1c_1l%7Cwatermark%3D0,4.0
k6oc19mehtO40UPf,正谈炸鸡(上海首店),1003条评价,￥57,炸鸡炸串,西藏南路/世博会馆,https://www.dianping.com/shop/k6oc19mehtO40UPf,https://p1.meituan.net/poiugc/7738332db4f558b43d98d338179e9267339985.png%40340w_255h_1e_1c_1l%7Cwatermark%3D0,3.5
k3sBPjXF52PysNhk,祚炸鸡炒年糕·韩国料理(国定路店),226条评价,￥63,韩国料理,五角场/大学路,https://www.dianping.com/shop/k3sBPjXF52PysNhk,https://p0.meituan.net/biztone/006aa86405dc714f171426023108d275388052.jpg%40340w_255h_1e_1c_1l%7Cwatermark%3D0,4.0
H3wZxLdBbMjmPsWg,蒋姨炸鸡,30条评价,￥31,炸鸡炸串,陈家镇,https://www.dianping.com/shop/H3wZxLdBbMjmPsWg,https://p0.meituan.net/biztone/ed06a78b77bda798a63ae10cc477ae53384774.jpg%40340w_255h_1e_1c_1l%7Cwatermark%3D0,4.0
l2ytxwCT2sTR8qik,正谈炸鸡(普陀环宇城店),79条评价,￥55,炸鸡炸串,真如,https://www.dianping.com/shop/l2ytxwCT2sTR8qik,https://p0.meituan.net/poiugc/76d0765be7c00dda5d16eb5158efd0a1261991.png%40340w_255h_1e_1c_1l%7Cwatermark%3D0,4.0
jBo44b3jhMfKLy6u,正豪大大雞排(新世界城店),1309条评价,￥26,炸鸡炸串,人民广场/南京路,https://www.dianping.com/shop/jBo44b3jhMfKLy6u,https://img.meituan.net/msmerchant/5a69ad9289f23b7f2b688f09a0438ea0614133.jpg%40340w_255h_1e_1c_1l%7Cwatermark%3D0,3.5
HasUNpOo2I4ajMvp,正谈炸鸡(浦东福山荟店),91条评价,￥55,炸鸡炸串,陆家嘴,https://www.dianping.com/shop/HasUNpOo2I4ajMvp,https://p0.meituan.net/biztone/339bb7886d82adc7338322f28f86e98c100405.jpg%40340w_255h_1e_1c_1l%7Cwatermark%3D0,4.0
l9O4aJy2xuNZt41c,唯世炸鸡유세치킨(天山路店),77条评价,￥49,炸鸡炸串,天山,https://www.dianping.com/shop/l9O4aJy2xuNZt41c,https://p0.meituan.net/biztone/9c534da7cc2ef5adc1e1cabbdce5ae8f396390.jpg%40340w_255h_1e_1c_1l%7Cwatermark%3D0,4.0
l3rhNeMq08MnXFj6,CITY MART城市集市(合生汇店),751条评价,￥51,超市便利,五角场/大学路,https://www.dianping.com/shop/l3rhNeMq08MnXFj6,https://img.meituan.net/content/0fda650da0657c61ed5afd1bc87a968076617.jpg%40340w_255h_1e_1c_1l%7Cwatermark%3D0,5.0
k37XhakJ53KGbLVo,1973继光香香鸡(崇明名岛生活广场店),14条评价,￥31,炸鸡炸串,陈家镇,https://www.dianping.com/shop/k37XhakJ53KGbLVo,https://img.meituan.net/content/b60a8e94cd7f0fc95f47b8ec331ab74b224445.jpg%40340w_255h_1e_1c_1l%7Cwatermark%3D0,3.5
k91GALkv6NDsWgHU,Kyochon 1991校村炸鸡(大宁音乐广场店),111条评价,￥49,炸鸡炸串,大宁地区,https://www.dianping.com/shop/k91GALkv6NDsWgHU,https://p0.meituan.net/biztone/4412333e19880feef5b0e6edb1b5150b67356.jpg%40340w_255h_1e_1c_1l%7Cwatermark%3D0,3.5
Gaz9iX5IJoautQlo,Shake Shack(上海新天地店),34369条评价,￥83,西式快餐,淮海路,https://www.dianping.com/shop/Gaz9iX5IJoautQlo,https://img.meituan.net/content/dd73b25f59e728288fc3e332036f3147184482.jpg%40340w_255h_1e_1c_1l%7Cwatermark%3D0,3.5
k4el5FGhLEJ9BMpz,弄堂炸鸡,14条评价,￥24,炸鸡炸串,马陆镇,https://www.dianping.com/shop/k4el5FGhLEJ9BMpz,https://p0.meituan.net/biztone/08e1b19e9c71ab86f221cfd3f4786b39931673.jpg%40340w_255h_1e_1c_1l%7Cwatermark%3D0,3.5
k8aReduso6KLTw10,Kyochon1991校村炸鸡(华润时代广场店),202条评价,￥52,炸鸡炸串,陆家嘴,https://www.dianping.com/shop/k8aReduso6KLTw10,https://img.meituan.net/content/d9f42cf516eeeeac4bdbfa5f0f99c290150072.png%40340w_255h_1e_1c_1l%7Cwatermark%3D0,4.0
l7oeKvdQvJUv46Ng,Kyochon1991校村(五角场店),951条评价,￥56,炸鸡炸串,五角场/大学路,https://www.dianping.com/shop/l7oeKvdQvJUv46Ng,https://p0.meituan.net/biztone/cc32acc3d8a182169692ad268d119d4c127735.jpg%40340w_255h_1e_1c_1l%7Cwatermark%3D0,4.0
H44hcow67jnnxPVV,旧闻炸鸡(南京西路店),32条评价,￥22,炸鸡炸串,南京西路,https://www.dianping.com/shop/H44hcow67jnnxPVV,https://p0.meituan.net/biztone/2e221aa019e267c385376d456d35f33d207612.jpg%40340w_255h_1e_1c_1l%7Cwatermark%3D0,3.5
HaTprEthxwydYDeQ,啊撒啊撒(九亭店),1310条评价,￥94,韩国料理,九亭,https://www.dianping.com/shop/HaTprEthxwydYDeQ,https://p0.meituan.net/biztone/720768b9b6d27815d0053c7d4a438aa5207537.jpg%40340w_255h_1e_1c_1l%7Cwatermark%3D0,4.5
EU2AuxuvqoLMOyUT,bb·q chicken比比客(大学城店),157条评价,￥31,韩式小吃,松江大学城,https://www.dianping.com/shop/EU2AuxuvqoLMOyUT,https://p0.meituan.net/biztone/8918496fa3750c346dce5213a3f80ed3384169.jpg%40340w_255h_1e_1c_1l%7Cwatermark%3D0,4.0
H9lwhC5c8WRpcn0r,AK28炸鸡SINCE1996(嘉定店),3条评价,￥36,炸鸡炸串,博乐广场/州桥老街,https://www.dianping.com/shop/H9lwhC5c8WRpcn0r,https://img.meituan.net/content/9a6b8f6ce2d3d688f9a8b0e7ae81ffff223568.jpg%40340w_255h_1e_1c_1l%7Cwatermark%3D0,3.5
HaIsrAvdWVQgy8ND,侠晨鸡腿(弘基广场店),513条评价,￥14,炸鸡炸串,上海大学,https://www.dianping.com/shop/HaIsrAvdWVQgy8ND,https://p0.meituan.net/poiugc/f1bc92c3404b75a37f7b2d4ddb46dd36672963.png%40340w_255h_1e_1c_1l%7Cwatermark%3D0,4.0
k6fIT5eJGK1FdFeU,Popeyes炸鸡·汉堡·奶昔(浦东机场店),46条评价,￥40,西式快餐,浦东机场/机场镇,https://www.dianping.com/shop/k6fIT5eJGK1FdFeU,https://p0.meituan.net/biztone/a5a2e1daf9fef10dadb9f2978cfabb4b135550.jpg%40340w_255h_1e_1c_1l%7Cwatermark%3D0,3.5
k53TqbCR1iYtTBCj,kyochon1991校村(天山路店),2555条评价,￥54,炸鸡炸串,天山,https://www.dianping.com/shop/k53TqbCR1iYtTBCj,https://p0.meituan.net/biztone/04fab35ce78ab9a4cc987641de243fdf128619.jpg%40340w_255h_1e_1c_1l%7Cwatermark%3D0,4.0
l4YdsWBWYAwofNWF,Shake Shack(国金中心店),10781条评价,￥77,西式快餐,陆家嘴,https://www.dianping.com/shop/l4YdsWBWYAwofNWF,https://img.meituan.net/content/dd73b25f59e728288fc3e332036f3147184482.jpg%40340w_255h_1e_1c_1l%7Cwatermark%3D0,4.0
H8ZNtpodjH08Jcrj,WOW LUCKY创意韩料(环球港店),11504条评价,￥95,韩国料理,月星环球港,https://www.dianping.com/shop/H8ZNtpodjH08Jcrj,https://img.meituan.net/content/857603e3ffe5a3da9027ea6db53a46b6120471.jpg%40340w_255h_1e_1c_1l%7Cwatermark%3D0,4.0
l7f7uuPjd2F8L5Ky,李先生的首尔小馆,285条评价,￥50,韩国料理,老闵行/交大师大,https://www.dianping.com/shop/l7f7uuPjd2F8L5Ky,http://p1.meituan.net/biztone/1424472647_1641669028478.jpeg%40340w_255h_1e_1c_1l%7Cwatermark%3D0,4.0
G1Djx2snAhjYAM4e,美毕姐·三杯鸡·台湾小食(城市集市上海荟聚店),224条评价,￥29,台湾菜,北新泾/淞虹路,https://www.dianping.com/shop/G1Djx2snAhjYAM4e,http://p0.meituan.net/merchant/22dfb582415a24482214a2c6f7fa9bff399312.jpg%40340w_255h_1e_1c_1l%7Cwatermark%3D0,3.5
EVqFlh0FWPJXj5RN,啊撒啊撒아싸아싸(曼度泛乐城店),1319条评价,￥88,韩国料理,安亭嘉亭荟,https://www.dianping.com/shop/EVqFlh0FWPJXj5RN,https://p0.meituan.net/biztone/033cb73e8f9d4aac1c769a247a05426f202004.jpg%40340w_255h_1e_1c_1l%7Cwatermark%3D0,4.0
iIkPEXTqbmc6qVS0,Kyochon1991校村炸鸡(大融城店),514条评价,￥56,炸鸡炸串,北新泾/淞虹路,https://www.dianping.com/shop/iIkPEXTqbmc6qVS0,https://img.meituan.net/content/d9f42cf516eeeeac4bdbfa5f0f99c290150072.png%40340w_255h_1e_1c_1l%7Cwatermark%3D0,3.5
G1knauUkwMQ684Zu,临榆炸鸡腿(松江大学城店),128条评价,￥13,炸鸡炸串,松江大学城,https://www.dianping.com/shop/G1knauUkwMQ684Zu,https://img.meituan.net/content/e81259b7c66f63cc32fcac2e743cb3d6177555.jpg%40340w_255h_1e_1c_1l%7Cwatermark%3D0,4.0
l8MEooTN0EuP0iHd,bb·q chicken比比客(古北店),779条评价,￥54,韩式小吃,虹桥镇,https://www.dianping.com/shop/l8MEooTN0EuP0iHd,https://p0.meituan.net/biztone/d0d420df2f6b714136a64310e782a7f886157.jpg%40340w_255h_1e_1c_1l%7Cwatermark%3D0,4.0
laLJ1cLKr7ekEWwC,Putoto·薯条专营店(上海南翔印象城店),2697条评价,￥32,西式快餐,南翔,https://www.dianping.com/shop/laLJ1cLKr7ekEWwC,https://img.meituan.net/content/9657280cb89b0a35f9fe2f6175126f7f19599.jpg%40340w_255h_1e_1c_1l%7Cwatermark%3D0,4.0
k1ZpuJdiyP4uh313,来食耐食·RICE NICE·라이스나이스(虹口龙之梦店),332条评价,￥72,韩国料理,虹口龙之梦,https://www.dianping.com/shop/k1ZpuJdiyP4uh313,https://p0.meituan.net/biztone/79270f5d90dc3bb9858b8f7c835dfcbf309669.jpg%40340w_255h_1e_1c_1l%7Cwatermark%3D0,5.0
l8JhyEyYGC4kjKJE,bluefrog蓝蛙(迪士尼小镇店),16226条评价,￥139,西餐,迪士尼,https://www.dianping.com/shop/l8JhyEyYGC4kjKJE,https://img.meituan.net/content/c14847b31f011d9d94d66c46238b3a0b365605.jpg%40340w_255h_1e_1c_1l%7Cwatermark%3D0,4.5
G6jwQiZAlTkRW8W0,Kyochon1991校村炸鸡(杨高中路店),2455条评价,￥56,韩式小吃,洋泾,https://www.dianping.com/shop/G6jwQiZAlTkRW8W0,https://p0.meituan.net/biztone/04fab35ce78ab9a4cc987641de243fdf128619.jpg%40340w_255h_1e_1c_1l%7Cwatermark%3D0,4.0
G5a760vtmgVc3LGz,Shake Shack(港汇恒隆店),8007条评价,￥76,西式快餐,徐家汇,https://www.dianping.com/shop/G5a760vtmgVc3LGz,https://img.meituan.net/content/dd73b25f59e728288fc3e332036f3147184482.jpg%40340w_255h_1e_1c_1l%7Cwatermark%3D0,4.0
l5FUChvSxmepolAE,Popeyes炸鸡·汉堡·奶昔(金桥国际店),1272条评价,￥48,西式快餐,金杨地区,https://www.dianping.com/shop/l5FUChvSxmepolAE,https://img.meituan.net/content/e25f445d71647fe4651fbd5f59f59be6202933.jpg%40340w_255h_1e_1c_1l%7Cwatermark%3D0,4.0
k1CJiTqnXVNgvD8q,阿華炸猪排(大华店),2225条评价,￥23,炸鸡炸串,大华地区,https://www.dianping.com/shop/k1CJiTqnXVNgvD8q,http://p0.meituan.net/poipicadd/4e7284bbc6773b26aa835b1346663f90259584.jpg%40340w_255h_1e_1c_1l%7Cwatermark%3D0,3.5
GaxqfjE5ZmqMyb61,老韩煸鸡,5条评价,￥32,炸鸡炸串,南门,https://www.dianping.com/shop/GaxqfjE5ZmqMyb61,https://img.meituan.net/content/63ee7d11d09075ef63486e9b3f2ecbbd117388.jpg%40340w_255h_1e_1c_1l%7Cwatermark%3D0,3.5
l25MQkdfFFWLWsWU,肯德基(陈家镇店),390条评价,￥34,西式快餐,陈家镇,https://www.dianping.com/shop/l25MQkdfFFWLWsWU,https://img.meituan.net/content/8f02992369bb7f936573885dbc553976108312.jpg%40340w_255h_1e_1c_1l%7Cwatermark%3D0,3.5
k3P9sUYXlznAp0O2,bluefrog蓝蛙(瑞虹天地月亮湾店),3652条评价,￥122,西餐,临平路/和平公园,https://www.dianping.com/shop/k3P9sUYXlznAp0O2,https://img.meituan.net/content/c14847b31f011d9d94d66c46238b3a0b365605.jpg%40340w_255h_1e_1c_1l%7Cwatermark%3D0,5.0
l2jFXL21qwP5jSZ9,大可炸鸡,-,￥0,炸鸡炸串,张江,https://www.dianping.com/shop/l2jFXL21qwP5jSZ9,http://p0.meituan.net/poipicadd/7e4531d26088b97a33cf3f78c1fb18ea846851.jpg%40340w_255h_1e_1c_1l%7Cwatermark%3D0,0.0
l1Hs7nis5Cpl4IIO,Kyochon1991校村炸鸡(真华路店),1315条评价,￥49,炸鸡炸串,大华地区,https://www.dianping.com/shop/l1Hs7nis5Cpl4IIO,https://img.meituan.net/content/d9f42cf516eeeeac4bdbfa5f0f99c290150072.png%40340w_255h_1e_1c_1l%7Cwatermark%3D0,4.0
H5uv0mCea1fVi8cT,啊撒啊撒아싸아싸(久光中心店),1165条评价,￥102,韩国料理,大宁地区,https://www.dianping.com/shop/H5uv0mCea1fVi8cT,https://p0.meituan.net/biztone/4bc637bd39a92878fc956f5658d6811a208353.jpg%40340w_255h_1e_1c_1l%7Cwatermark%3D0,4.0
G9Mp1Mi4zlkQ7dem,满巍明生炸鸡架(宝杨宝龙店),188条评价,￥27,小吃快餐,宝山城区/吴淞,https://www.dianping.com/shop/G9Mp1Mi4zlkQ7dem,https://p0.meituan.net/biztone/aee05ee70cc42a3a96257ce7e7fe3447942676.jpg%40340w_255h_1e_1c_1l%7Cwatermark%3D0,4.0
k6sUyi6xa0mUZvl0,HanBang韩式炸鸡·火鸡面(江镇店),-,￥25,炸鸡炸串,浦东新区,https://www.dianping.com/shop/k6sUyi6xa0mUZvl0,https://p0.meituan.net/biztone/c39ba223e92823b41d130833a0f7f4aa433224.jpg%40340w_255h_1e_1c_1l%7Cwatermark%3D0,0.0
H5ocEl4hdyigw5Ku,满巍明生炸鸡架(吴泾宝龙广场店),152条评价,￥25,其他美食,老闵行/交大师大,https://www.dianping.com/shop/H5ocEl4hdyigw5Ku,https://p0.meituan.net/biztone/aee05ee70cc42a3a96257ce7e7fe3447942676.jpg%40340w_255h_1e_1c_1l%7Cwatermark%3D0,4.0
GaB35DD5bSZq0fdW,哥哥の深夜食堂(三钢里店),1796条评价,￥108,日本料理,上南地区,https://www.dianping.com/shop/GaB35DD5bSZq0fdW,http://p0.meituan.net/merchant/a2d707a6fcb74cd84a48c7833d0aa8df131633.jpg%40340w_255h_1e_1c_1l%7Cwatermark%3D0,5.0
EfY7etmXpX3gD1Xf,上南香酥鸡,1条评价,￥18,炸鸡炸串,康桥/周浦,https://www.dianping.com/shop/EfY7etmXpX3gD1Xf,http://p0.meituan.net/poipicadd/ad0f3ae0b60d68c2ae2fe96b81bf3d32217186.jpg%40340w_255h_1e_1c_1l%7Cwatermark%3D0,0.0
H8zkqvbtfqSXkB0i,哥哥の深夜食堂(中庚漫游城店),533条评价,￥107,日本料理,莲花路/南方商城,https://www.dianping.com/shop/H8zkqvbtfqSXkB0i,https://p0.meituan.net/biztone/f6260604add256ce2f0c062e8563cc1b84965.jpg%40340w_255h_1e_1c_1l%7Cwatermark%3D0,5.0
G2lt39A8CYpo3jto,food place(金沙路店),2600条评价,￥107,西餐,嘉定镇,https://www.dianping.com/shop/G2lt39A8CYpo3jto,https://img.meituan.net/msmerchant/8fc72d98770548afe8d815a3cd46b14423485.jpg%40340w_255h_1e_1c_1l%7Cwatermark%3D0,4.5
G369cmEetiqsU895,YUMMY韩式炸鸡(长宁路店),1条评价,￥24,炸鸡炸串,长风公园/华师大,https://www.dianping.com/shop/G369cmEetiqsU895,http://p1.meituan.net/searchscenerec/268fcf0cf9da6ee9de81082cd414d859167595.png%40340w_255h_1e_1c_1l%7Cwatermark%3D0,0.0
l6YBfAEb428JYw4f,望晨山·炸鸡茶铺(复兴中路店),238条评价,￥22,炸鸡炸串,音乐学院/五官科医院,https://www.dianping.com/shop/l6YBfAEb428JYw4f,https://p0.meituan.net/biztone/37814bf0cfb0a95f77afd44faa0714cd315173.jpg%40340w_255h_1e_1c_1l%7Cwatermark%3D0,3.5
l13Iq8Oh5oqIjpAE,倍乐芝(上海首店),410条评价,￥38,西式快餐,龙柏地区,https://www.dianping.com/shop/l13Iq8Oh5oqIjpAE,https://p0.meituan.net/biztone/c1ece2895029bac7df5998df2485deb5181090.jpg%40340w_255h_1e_1c_1l%7Cwatermark%3D0,4.0
H791BR7bwlWLejVs,屋塔饮食,55条评价,￥55,韩式小吃,嘉定镇,https://www.dianping.com/shop/H791BR7bwlWLejVs,https://p0.meituan.net/biztone/d234f8a4381a3eae18d605f3eb1faa9c1139083.jpg%40340w_255h_1e_1c_1l%7Cwatermark%3D0,4.0
l7SMxbu6gvsHFbDW,Tock's(丰盛里店),1591条评价,￥73,西餐,南京西路,https://www.dianping.com/shop/l7SMxbu6gvsHFbDW,http://p0.meituan.net/biztone/171877965_1700645241855.jpeg%40340w_255h_1e_1c_1l%7Cwatermark%3D0,4.0
H9mExNxFc9lL10kk,盒马NB(崇明陈家镇店),36条评价,￥114,超市便利,陈家镇,https://www.dianping.com/shop/H9mExNxFc9lL10kk,http://p0.meituan.net/dpmerchantpic/53d38c3f7b3a868b7eb0c2e4bb6bb14992427.jpg%40340w_255h_1e_1c_1l%7Cwatermark%3D0,3.5
l8A1Fe8moJT7yzgh,Shake Shack(静安嘉里中心店),17815条评价,￥78,西式快餐,南京西路,https://www.dianping.com/shop/l8A1Fe8moJT7yzgh,https://img.meituan.net/content/dd73b25f59e728288fc3e332036f3147184482.jpg%40340w_255h_1e_1c_1l%7Cwatermark%3D0,4.0
H7MRFrTKzGM356G3,Shake Shack(长宁来福士店),1634条评价,￥61,西式快餐,中山公园/江苏路,https://www.dianping.com/shop/H7MRFrTKzGM356G3,https://img.meituan.net/content/dd73b25f59e728288fc3e332036f3147184482.jpg%40340w_255h_1e_1c_1l%7Cwatermark%3D0,4.0
G9g9KRDSAXFaQCGm,超级鸡车(宝山宝乐汇店),14条评价,￥27,炸鸡炸串,宝山城区/吴淞,https://www.dianping.com/shop/G9g9KRDSAXFaQCGm,https://img.meituan.net/content/eccf1cf20eb96ea9dbbe96679af0331d87837.jpg%40340w_255h_1e_1c_1l%7Cwatermark%3D0,3.5
l1LMj3m9Yif1vnYV,TSOO听说过· 韩料요리(虹桥天地店),6926条评价,￥80,韩国料理,虹桥火车站/国展中心,https://www.dianping.com/shop/l1LMj3m9Yif1vnYV,https://img.meituan.net/content/52d9af15aedbf893a7d4514f8d7004a7556145.jpg%40340w_255h_1e_1c_1l%7Cwatermark%3D0,4.5
G9Q5oUjVPpdMeu8g,LOKAL(北外滩来福士店),3133条评价,￥98,西餐,北外滩/外白渡桥,https://www.dianping.com/shop/G9Q5oUjVPpdMeu8g,https://p0.meituan.net/biztone/9fd065c95e92b820ff4ef50dfa7888f5455975.jpg%40340w_255h_1e_1c_1l%7Cwatermark%3D0,4.5
Ga1V9SMo87UWHQnc,飞叔生炸鸡架(上海汇融天地店),2条评价,￥22,小吃快餐,武宁地区,https://www.dianping.com/shop/Ga1V9SMo87UWHQnc,http://p0.meituan.net/poipicadd/b34210ee59a4d6c735f0d4d55f72f03e274964.jpg%40340w_255h_1e_1c_1l%7Cwatermark%3D0,3.5
G3mII7BbpMkYFiFi,哥哥の深夜食堂(安亭财富广场店),737条评价,￥105,日本料理,安亭镇,https://www.dianping.com/shop/G3mII7BbpMkYFiFi,http://p1.meituan.net/merchant/8cc700fcc0896e9363155610c10954eb82720.jpg%40340w_255h_1e_1c_1l%7Cwatermark%3D0,5.0
k68BFqZCBPn2mUgL,HWARANG火浪 by元爱本家·铁板韩食(长寿路店),422条评价,￥125,韩国料理,长寿路,https://www.dianping.com/shop/k68BFqZCBPn2mUgL,https://img.meituan.net/content/47c8b32ebbf78310a94bba87f86f5e1d91295.jpg%40340w_255h_1e_1c_1l%7Cwatermark%3D0,5.0
l5gp2asrmE2uREpQ,哥哥の深夜食堂(田尚坊店),1630条评价,￥110,日本料理,漕河泾/田林,https://www.dianping.com/shop/l5gp2asrmE2uREpQ,http://p0.meituan.net/merchant/a2d707a6fcb74cd84a48c7833d0aa8df131633.jpg%40340w_255h_1e_1c_1l%7Cwatermark%3D0,5.0
G7B5D3VmWdDo8KLR,BegL 贝果餐厅(西岸梦中心店),925条评价,￥59,西餐,龙华/西岸,https://www.dianping.com/shop/G7B5D3VmWdDo8KLR,https://img.meituan.net/content/87739567cb9c1f503f30826dfd140f1885215.jpg%40340w_255h_1e_1c_1l%7Cwatermark%3D0,4.5
l9aYR9CXB9StYSwu,Shake Shack(虹桥机场店),5612条评价,￥59,西式快餐,虹桥火车站/机场,https://www.dianping.com/shop/l9aYR9CXB9StYSwu,https://img.meituan.net/content/dd73b25f59e728288fc3e332036f3147184482.jpg%40340w_255h_1e_1c_1l%7Cwatermark%3D0,4.0
G7a81uVM6soEbn1w,Shake Shack(环贸iapm店),3357条评价,￥73,西式快餐,淮海路,https://www.dianping.com/shop/G7a81uVM6soEbn1w,https://img.meituan.net/content/dd73b25f59e728288fc3e332036f3147184482.jpg%40340w_255h_1e_1c_1l%7Cwatermark%3D0,4.0
GaKITIhty8L470eh,满巍明生炸鸡架(金地广场店),238条评价,￥24,小吃快餐,美兰湖,https://www.dianping.com/shop/GaKITIhty8L470eh,https://p0.meituan.net/biztone/aee05ee70cc42a3a96257ce7e7fe3447942676.jpg%40340w_255h_1e_1c_1l%7Cwatermark%3D0,3.5
k197FvcgkXPlgTWQ,满巍明生炸鸡架(金山万达店),169条评价,￥26,小吃快餐,金山万达,https://www.dianping.com/shop/k197FvcgkXPlgTWQ,https://p0.meituan.net/biztone/aee05ee70cc42a3a96257ce7e7fe3447942676.jpg%40340w_255h_1e_1c_1l%7Cwatermark%3D0,4.0
l9fD8KwOR9BeNPC0,大森の大众食堂(隆德丰汗麦中心店),717条评价,￥99,日本料理,北蔡,https://www.dianping.com/shop/l9fD8KwOR9BeNPC0,https://img.meituan.net/content/c4254cb7f611784735ea4321830cc25a89229.jpg%40340w_255h_1e_1c_1l%7Cwatermark%3D0,5.0
H5hyrDnXaLBP7ZOe,捌店·韩式锅物料理(嘉定店),874条评价,￥80,韩国料理,嘉定镇,https://www.dianping.com/shop/H5hyrDnXaLBP7ZOe,http://p0.meituan.net/merchant/cbae0a1d7677f80d1bfa7a4afe32d6eb688954.jpg%40340w_255h_1e_1c_1l%7Cwatermark%3D0,4.5
l4NOjbomSUMso8qF,哥哥の深夜食堂(叁宸里店),1510条评价,￥98,日本料理,北蔡,https://www.dianping.com/shop/l4NOjbomSUMso8qF,http://p1.meituan.net/merchant/c5e1507e5e1b740424bb319cd2e2d531190280.jpg%40340w_255h_1e_1c_1l%7Cwatermark%3D0,5.0
H27yJNdLcszp3CjE,Kyochon1991校村炸鸡(东育路店),521条评价,￥56,炸鸡炸串,前滩,https://www.dianping.com/shop/H27yJNdLcszp3CjE,https://img.meituan.net/content/d9f42cf516eeeeac4bdbfa5f0f99c290150072.png%40340w_255h_1e_1c_1l%7Cwatermark%3D0,3.5
H5Q41JxGxYCNh3KR,大食代美食广场(前滩太古里店),1183条评价,￥41,快餐简餐,前滩,https://www.dianping.com/shop/H5Q41JxGxYCNh3KR,https://p0.meituan.net/biztone/10699800aafce7c6a2b011fe179c7ec1216619.jpg%40340w_255h_1e_1c_1l%7Cwatermark%3D0,4.0
H1mHnOV0Bq4o6NI9,哥哥の深夜食堂(环球港店),429条评价,￥94,日本料理,月星环球港,https://www.dianping.com/shop/H1mHnOV0Bq4o6NI9,https://p0.meituan.net/biztone/f6260604add256ce2f0c062e8563cc1b84965.jpg%40340w_255h_1e_1c_1l%7Cwatermark%3D0,4.5
l8nhORbCpZ7t04wE,Westworld济州半岛,2510条评价,￥150,韩国料理,惠南镇,https://www.dianping.com/shop/l8nhORbCpZ7t04wE,http://p0.meituan.net/biztone/515311049_1686848563303.jpeg%40340w_255h_1e_1c_1l%7Cwatermark%3D0,4.5
E7rrQDWSTLqfHjzY,Chili's Cafe&Bar 奇利斯(鸿寿坊店),2552条评价,￥121,西餐,长寿路,https://www.dianping.com/shop/E7rrQDWSTLqfHjzY,https://img.meituan.net/content/609df258a7bfae6393d7ae1a340a4a70105431.jpg%40340w_255h_1e_1c_1l%7Cwatermark%3D0,4.5
H9TcZf3bRsLSoRi1,TOGO TACO(大学路店),3343条评价,￥71,西餐,五角场/大学路,https://www.dianping.com/shop/H9TcZf3bRsLSoRi1,https://img.meituan.net/content/82cb4fd451170539348d4f24c05405d3154965.jpg%40340w_255h_1e_1c_1l%7Cwatermark%3D0,4.0
l3Zq0u6umtB0zFlR,奈森良系炸鸡(上海世博天地店),-,￥16,炸鸡炸串,世博源,https://www.dianping.com/shop/l3Zq0u6umtB0zFlR,https://img.meituan.net/content/7fd21c71822a8a0e12a1cd6fcd217140161819.jpg%40340w_255h_1e_1c_1l%7Cwatermark%3D0,0.0
H14PMyEvG77XiiAd,小李布车·韩式大排档(宝山新业坊店),1314条评价,￥90,韩国料理,高境,https://www.dianping.com/shop/H14PMyEvG77XiiAd,https://p0.meituan.net/biztone/599f9d7deea21a1c13d6ec291d8d061b225100.jpg%40340w_255h_1e_1c_1l%7Cwatermark%3D0,4.5
k9oyI6cyuVIPCZ2g,肯德基(佘山店),433条评价,￥32,西式快餐,佘山,https://www.dianping.com/shop/k9oyI6cyuVIPCZ2g,https://img.meituan.net/content/8f02992369bb7f936573885dbc553976108312.jpg%40340w_255h_1e_1c_1l%7Cwatermark%3D0,4.0
kafMsw291ZZQpabD,十藏晚酌烧鸟·Tako Friends炸鸡,541条评价,￥117,日本料理,康桥/周浦,https://www.dianping.com/shop/kafMsw291ZZQpabD,http://p0.meituan.net/merchant/aa12f4acf7b8e049893a54053f270782388067.jpg%40340w_255h_1e_1c_1l%7Cwatermark%3D0,4.5
H8r7APQpcMfjFklH,XXXL涎汇·轻奢炸鸡(安亭店),1条评价,￥0,炸鸡炸串,安亭镇,https://www.dianping.com/shop/H8r7APQpcMfjFklH,http://p1.meituan.net/searchscenerec/268fcf0cf9da6ee9de81082cd414d859167595.png%40340w_255h_1e_1c_1l%7Cwatermark%3D0,0.0
lads00EqYkRFzyDq,Magnet磁食(长风大悦城店),4661条评价,￥114,西餐,长风公园/华师大,https://www.dianping.com/shop/lads00EqYkRFzyDq,http://p0.meituan.net/merchant/d70d83884c22e027ae88d18daf6285cd617827.jpg%40340w_255h_1e_1c_1l%7Cwatermark%3D0,4.5
H97FR88Q8yMyNTns,哥哥の深夜食堂(绿地东海岸店),2727条评价,￥108,日本料理,川沙,https://www.dianping.com/shop/H97FR88Q8yMyNTns,http://p0.meituan.net/merchant/a2d707a6fcb74cd84a48c7833d0aa8df131633.jpg%40340w_255h_1e_1c_1l%7Cwatermark%3D0,5.0
l24V4oNJS02I9Fex,麦当劳(崇明东滩商务广场店),212条评价,￥28,西式快餐,陈家镇,https://www.dianping.com/shop/l24V4oNJS02I9Fex,https://img.meituan.net/content/8fa1cccdef4e70903378a4a58175e798158756.jpg%40340w_255h_1e_1c_1l%7Cwatermark%3D0,4.0
H4UWvURZVctaaJbB,TACO STAR塔可星(文汇路店),1424条评价,￥27,西式快餐,松江大学城,https://www.dianping.com/shop/H4UWvURZVctaaJbB,https://p0.meituan.net/biztone/1b96f0d3c8784dcbbfe34f3fd81a12ca677261.jpg%40340w_255h_1e_1c_1l%7Cwatermark%3D0,4.0
H12XiCtdfEh6fzUT,哥哥の深夜食堂(南翔印象城MEGA店),3485条评价,￥110,日本料理,南翔,https://www.dianping.com/shop/H12XiCtdfEh6fzUT,https://p0.meituan.net/biztone/f6260604add256ce2f0c062e8563cc1b84965.jpg%40340w_255h_1e_1c_1l%7Cwatermark%3D0,5.0
H5GaEcvtF25Zi9Bx,大森の深夜食堂(西云楼店),701条评价,￥105,日本料理,嘉定新城,https://www.dianping.com/shop/H5GaEcvtF25Zi9Bx,https://img.meituan.net/content/451ee84723134e2b8454d30ebc2ed7a4132480.jpg%40340w_255h_1e_1c_1l%7Cwatermark%3D0,5.0
H5IzwtMAy9ma3N33,Shake Shack(豫园店),502条评价,￥56,西式快餐,城隍庙/豫园,https://www.dianping.com/shop/H5IzwtMAy9ma3N33,https://img.meituan.net/content/dd73b25f59e728288fc3e332036f3147184482.jpg%40340w_255h_1e_1c_1l%7Cwatermark%3D0,4.0
GaewMjNsn6RUrRzv,有喜屋·日料·居酒屋(鑫耀·光环Live店),2555条评价,￥104,日本料理,漕河泾/田林,https://www.dianping.com/shop/GaewMjNsn6RUrRzv,https://img.meituan.net/content/55fcfac916fdc6cc386831ec7d9a5c2b280636.jpg%40340w_255h_1e_1c_1l%7Cwatermark%3D0,5.0
k73ZuO4uBIhk0Mza,比格比萨自助(上海松江万达店),2859条评价,￥76,披萨自助,松江万达广场,https://www.dianping.com/shop/k73ZuO4uBIhk0Mza,https://img.meituan.net/content/d6421a1c94c6ffe0ed57d3fe09054b6d671747.jpg%40340w_255h_1e_1c_1l%7Cwatermark%3D0,4.5
k2hniilqvbNxTaQA,阿海爷叔老上海炸货铺,13条评价,￥28,炸鸡炸串,曹杨地区,https://www.dianping.com/shop/k2hniilqvbNxTaQA,https://img.meituan.net/searchscenerec/ceb8f504a3240939a503312b6d133bc5604751.jpg%40340w_255h_1e_1c_1l%7Cwatermark%3D0,3.5
k80SJ7EPUa6sE7rV,Baps Burger & Bistro(徐汇滨江店),1820条评价,￥135,西式快餐,龙华/西岸,https://www.dianping.com/shop/k80SJ7EPUa6sE7rV,https://p0.meituan.net/biztone/fa1276652289cd9cd4ecb5adf60efc9a552193.jpg%40340w_255h_1e_1c_1l%7Cwatermark%3D0,4.0
l3jzFBw6ePx8kLX8,大吉烧鸟专门店YAKITORI(番禺路店),2720条评价,￥96,日本料理,上海影城/新华路,https://www.dianping.com/shop/l3jzFBw6ePx8kLX8,https://p0.meituan.net/biztone/467a6b2ea8454581a1b9049b140d65a3361794.jpg%40340w_255h_1e_1c_1l%7Cwatermark%3D0,4.5
G9EId4eMm5BANY8w,PAOPAO Bakery&Brunch(上海荟聚店),1051条评价,￥70,创意菜,北新泾/淞虹路,https://www.dianping.com/shop/G9EId4eMm5BANY8w,https://img.meituan.net/content/ff01ddaf611d7461f9349a9e0c0879c8241150.jpg%40340w_255h_1e_1c_1l%7Cwatermark%3D0,4.0
ka4TDJowXbiGsz0h,88GOGI烤肉小酒馆(乌鲁木齐中路店),1722条评价,￥110,韩国料理,复兴西路/丁香花园,https://www.dianping.com/shop/ka4TDJowXbiGsz0h,https://p0.meituan.net/biztone/f9b311f70fbc22a9046a366335feb13d336660.jpg%40340w_255h_1e_1c_1l%7Cwatermark%3D0,4.5
l5wv3GBdgUvvPaV8,TSOO听说过·韩料요리(太阳宫店),5684条评价,￥80,韩国料理,临平路/和平公园,https://www.dianping.com/shop/l5wv3GBdgUvvPaV8,https://img.meituan.net/content/52d9af15aedbf893a7d4514f8d7004a7556145.jpg%40340w_255h_1e_1c_1l%7Cwatermark%3D0,4.5
k9G18FPDtbQfU1IF,8PINTS八品脱·精酿食堂·直火碳烤(莘庄店),1040条评价,￥98,日本料理,莘庄,https://www.dianping.com/shop/k9G18FPDtbQfU1IF,https://p0.meituan.net/biztone/2e3b08e3eb4eb49af24b3f39c47c1b69319279.jpg%40340w_255h_1e_1c_1l%7Cwatermark%3D0,4.5
k3vDMUBbrLwUltLX,满巍明生炸鸡架(松江鹿都国际店),120条评价,￥25,小吃快餐,鹿都国际商业广场,https://www.dianping.com/shop/k3vDMUBbrLwUltLX,https://p0.meituan.net/biztone/aee05ee70cc42a3a96257ce7e7fe3447942676.jpg%40340w_255h_1e_1c_1l%7Cwatermark%3D0,4.0
l7Ad1OcgZVqtwJs7,哥哥の深夜食堂(北外滩来福士店),4302条评价,￥109,日本料理,北外滩/外白渡桥,https://www.dianping.com/shop/l7Ad1OcgZVqtwJs7,http://p1.meituan.net/merchant/8cc700fcc0896e9363155610c10954eb82720.jpg%40340w_255h_1e_1c_1l%7Cwatermark%3D0,5.0
G95umHoQO3KkF4DV,哥哥の深夜食堂(复悦荟店),1050条评价,￥101,日本料理,真如,https://www.dianping.com/shop/G95umHoQO3KkF4DV,http://p1.meituan.net/merchant/c5e1507e5e1b740424bb319cd2e2d531190280.jpg%40340w_255h_1e_1c_1l%7Cwatermark%3D0,5.0
FAIlPkCa1AvcEgoQ,正三熙by韩国街小木屋烤肉(虹泉路1号店),13278条评价,￥118,韩国料理,虹桥镇,https://www.dianping.com/shop/FAIlPkCa1AvcEgoQ,http://p0.meituan.net/biztone/165831628_1721383064414.jpeg%40340w_255h_1e_1c_1l%7Cwatermark%3D0,4.5
i2TyBGB9hG71sokS,李先生的首尔小馆(松江启源广场店),3337条评价,￥52,韩式小吃,松江大学城,https://www.dianping.com/shop/i2TyBGB9hG71sokS,https://p0.meituan.net/biztone/3372548875e127ebd5a68a8b2c0b531a180993.jpg%40340w_255h_1e_1c_1l%7Cwatermark%3D0,4.0
Es3jKfQvWWDvVZBY,哥哥の深夜食堂(创邑MIX店),1832条评价,￥104,日本料理,上海南站,https://www.dianping.com/shop/Es3jKfQvWWDvVZBY,http://p1.meituan.net/merchant/c5e1507e5e1b740424bb319cd2e2d531190280.jpg%40340w_255h_1e_1c_1l%7Cwatermark%3D0,5.0
G1E9euHrU5cLYV13,哥哥の深夜食堂(静安大悦城店),3349条评价,￥104,日本料理,苏河湾,https://www.dianping.com/shop/G1E9euHrU5cLYV13,http://p0.meituan.net/merchant/a2d707a6fcb74cd84a48c7833d0aa8df131633.jpg%40340w_255h_1e_1c_1l%7Cwatermark%3D0,5.0
k1Xhf4J1hYD7rPyZ,哥哥の深夜食堂(1088广场店),1642条评价,￥105,日本料理,陆家嘴,https://www.dianping.com/shop/k1Xhf4J1hYD7rPyZ,http://p1.meituan.net/merchant/8cc700fcc0896e9363155610c10954eb82720.jpg%40340w_255h_1e_1c_1l%7Cwatermark%3D0,5.0
k5x9cwtE8H4GdvXc,大森の深夜食堂(曼度泛乐城店),1441条评价,￥100,日本料理,安亭镇,https://www.dianping.com/shop/k5x9cwtE8H4GdvXc,https://img.meituan.net/content/451ee84723134e2b8454d30ebc2ed7a4132480.jpg%40340w_255h_1e_1c_1l%7Cwatermark%3D0,5.0
l7QTeeeUx8q0OPHo,豪大大鸡排,-,￥16,炸鸡炸串,中山公园/江苏路,https://www.dianping.com/shop/l7QTeeeUx8q0OPHo,http://p1.meituan.net/searchscenerec/268fcf0cf9da6ee9de81082cd414d859167595.png%40340w_255h_1e_1c_1l%7Cwatermark%3D0,0.0
G4QgBDvsaA0O00mR,满巍明生炸鸡架,2条评价,￥29,小吃快餐,金杨地区,https://www.dianping.com/shop/G4QgBDvsaA0O00mR,http://p1.meituan.net/poipicadd/37c82a7742ffbb2daa9bcc6eb0884dbd1441072.jpg%40340w_255h_1e_1c_1l%7Cwatermark%3D0,3.0
l9SqrdsjY2znhDwW,宫拉拉蒜香炸鸡(松江印象城店),202条评价,￥29,炸鸡炸串,松江大学城,https://www.dianping.com/shop/l9SqrdsjY2znhDwW,https://img.meituan.net/content/ec6674fe4974f860d9e56c386efa44e5267075.jpg%40340w_255h_1e_1c_1l%7Cwatermark%3D0,3.5
jkVo9CxJq0M5fi4c,叔叔家深夜食堂(吴泾满天星广场店),1048条评价,￥88,日本料理,老闵行/交大师大,https://www.dianping.com/shop/jkVo9CxJq0M5fi4c,http://p0.meituan.net/merchant/0529f36928500c7e64468f34d38faaec136585.jpg%40340w_255h_1e_1c_1l%7Cwatermark%3D0,4.5
G58kPUEc0Qx07P8y,CHARLIE'S粉红汉堡(蟠龙天地店),1256条评价,￥56,西式快餐,国家会展中心,https://www.dianping.com/shop/G58kPUEc0Qx07P8y,https://img.meituan.net/content/26d69c3520ff443a536284dd115821e8188974.jpg%40340w_255h_1e_1c_1l%7Cwatermark%3D0,4.0
G7J7lbY4UU9vIGtG,哥哥の深夜食堂(万辉国际广场店),913条评价,￥100,日本料理,莲花路/南方商城,https://www.dianping.com/shop/G7J7lbY4UU9vIGtG,http://p1.meituan.net/merchant/c5e1507e5e1b740424bb319cd2e2d531190280.jpg%40340w_255h_1e_1c_1l%7Cwatermark%3D0,5.0
l213tcGeYKjalqey,8PINTS八品脱(天空之城店),211条评价,￥81,西餐,徐泾,https://www.dianping.com/shop/l213tcGeYKjalqey,https://p0.meituan.net/biztone/ff89805324f91b3bf69b374c879c07cf106998.jpg%40340w_255h_1e_1c_1l%7Cwatermark%3D0,4.5
l2BRbRyI0qqrjLRo,哥哥の深夜食堂(长阳创谷店),1116条评价,￥107,日本料理,平凉路/东外滩,https://www.dianping.com/shop/l2BRbRyI0qqrjLRo,http://p1.meituan.net/merchant/c5e1507e5e1b740424bb319cd2e2d531190280.jpg%40340w_255h_1e_1c_1l%7Cwatermark%3D0,5.0
l3ImzpKz5VxtWwpY,夸父炸串(茸梅路店),-,￥25,炸鸡炸串,松江大学城,https://www.dianping.com/shop/l3ImzpKz5VxtWwpY,https://p0.meituan.net/biztone/6ee6bf1cc2348faa6ba61638d8a44a7a223471.jpg%40340w_255h_1e_1c_1l%7Cwatermark%3D0,0.0
l1msEtZ0lXzvjTmB,鸡柳大人(上海龙之梦店),-,￥19,炸鸡炸串,中山公园/江苏路,https://www.dianping.com/shop/l1msEtZ0lXzvjTmB,http://p0.meituan.net/poipicadd/72e27098e2df969c0362346f96b4aece454472.jpg%40340w_255h_1e_1c_1l%7Cwatermark%3D0,0.0
l1LVq6RCxjgjLQly,哥哥の深夜食堂(IM长宁国际店),444条评价,￥96,日本料理,虹桥路,https://www.dianping.com/shop/l1LVq6RCxjgjLQly,https://p0.meituan.net/biztone/f6260604add256ce2f0c062e8563cc1b84965.jpg%40340w_255h_1e_1c_1l%7Cwatermark%3D0,5.0
H2hZAJtjgZAMPli8,哥哥の深夜食堂(五角场万达店),2529条评价,￥112,日本料理,五角场/大学路,https://www.dianping.com/shop/H2hZAJtjgZAMPli8,http://p0.meituan.net/merchant/87cbfdac779d1a5151d3dac188da229b57273.jpg%40340w_255h_1e_1c_1l%7Cwatermark%3D0,5.0
EshFuQO7wgDHIcgk,哥哥の深夜食堂(长风大悦城店),2313条评价,￥108,日本料理,长风公园/华师大,https://www.dianping.com/shop/EshFuQO7wgDHIcgk,http://p0.meituan.net/merchant/87cbfdac779d1a5151d3dac188da229b57273.jpg%40340w_255h_1e_1c_1l%7Cwatermark%3D0,4.5
k6XXug7VyGV0yzCb,Popeyes炸鸡·汉堡·奶昔(九亭金地店),439条评价,￥48,西式快餐,九亭,https://www.dianping.com/shop/k6XXug7VyGV0yzCb,https://img.meituan.net/content/e25f445d71647fe4651fbd5f59f59be6202933.jpg%40340w_255h_1e_1c_1l%7Cwatermark%3D0,4.0
H8v02loGtUfK0Eu7,酒鬼欧尼的食堂,266条评价,￥81,韩国料理,美兰湖,https://www.dianping.com/shop/H8v02loGtUfK0Eu7,https://p0.meituan.net/poiugc/c396634fa863c8adff61abeed5340d72355101.png%40340w_255h_1e_1c_1l%7Cwatermark%3D0,4.0
l5aCnx7l39K1Ky54,Rural Tequila墨西哥餐厅(东川路店),1452条评价,￥78,西餐,交大闵行校区,https://www.dianping.com/shop/l5aCnx7l39K1Ky54,http://p1.meituan.net/merchant/689dd7f276e7136215ae0d6c1d70afbf199521.jpg%40340w_255h_1e_1c_1l%7Cwatermark%3D0,4.0
G18doSx6dWXTdqt1,哥哥の深夜食堂(喜悦荟店),664条评价,￥94,日本料理,上海南站,https://www.dianping.com/shop/G18doSx6dWXTdqt1,http://p1.meituan.net/merchant/c5e1507e5e1b740424bb319cd2e2d531190280.jpg%40340w_255h_1e_1c_1l%7Cwatermark%3D0,5.0
k4kLzHRSS8M6l9P0,有喜屋·日料·居酒屋(南桥百联店),1506条评价,￥93,日本料理,南桥百联购物中心,https://www.dianping.com/shop/k4kLzHRSS8M6l9P0,https://p0.meituan.net/biztone/2962df27f36c6c001db5f7bd5dae89a6570969.jpg%40340w_255h_1e_1c_1l%7Cwatermark%3D0,4.5
k6xo1LPdBZFNsubE,哥哥の深夜食堂(虹桥南丰城店),423条评价,￥97,日本料理,天山,https://www.dianping.com/shop/k6xo1LPdBZFNsubE,https://p0.meituan.net/biztone/f6260604add256ce2f0c062e8563cc1b84965.jpg%40340w_255h_1e_1c_1l%7Cwatermark%3D0,5.0
H24uR113BmOojG4Z,bluefrog蓝蛙(仲盛世界商城店),5137条评价,￥138,西餐,莘庄,https://www.dianping.com/shop/H24uR113BmOojG4Z,https://img.meituan.net/content/c14847b31f011d9d94d66c46238b3a0b365605.jpg%40340w_255h_1e_1c_1l%7Cwatermark%3D0,4.0
k3AndLyV94N9cd8w,bluefrog蓝蛙(上海南翔印象城店),2783条评价,￥132,西餐,南翔,https://www.dianping.com/shop/k3AndLyV94N9cd8w,https://img.meituan.net/content/c14847b31f011d9d94d66c46238b3a0b365605.jpg%40340w_255h_1e_1c_1l%7Cwatermark%3D0,4.5
G4OzX31S0FXF5Qp7,哥哥の深夜食堂(百脑汇店),2269条评价,￥112,日本料理,徐家汇,https://www.dianping.com/shop/G4OzX31S0FXF5Qp7,http://p1.meituan.net/merchant/8cc700fcc0896e9363155610c10954eb82720.jpg%40340w_255h_1e_1c_1l%7Cwatermark%3D0,5.0
G7eTWn38wabvpAmu,多财·북막골(前滩太古里店),821条评价,￥46,韩国料理,前滩,https://www.dianping.com/shop/G7eTWn38wabvpAmu,https://img.meituan.net/content/2d675448c33233432c574e1c13775fb9120928.jpg%40340w_255h_1e_1c_1l%7Cwatermark%3D0,4.0
k27bf1nqJ8KWR0w9,眷屋の深夜食堂(旭辉Mall店),2056条评价,￥98,日本料理,鞍山新村,https://www.dianping.com/shop/k27bf1nqJ8KWR0w9,https://p0.meituan.net/biztone/fe6c1a97f6810b84a1a30929989aa6bc234314.jpg%40340w_255h_1e_1c_1l%7Cwatermark%3D0,5.0
l6Cp3rCbXamqwDP2,哥哥の深夜食堂(前滩L+PLAZA店),1437条评价,￥107,日本料理,前滩,https://www.dianping.com/shop/l6Cp3rCbXamqwDP2,http://p1.meituan.net/merchant/c5e1507e5e1b740424bb319cd2e2d531190280.jpg%40340w_255h_1e_1c_1l%7Cwatermark%3D0,5.0
EFVgrPQ8JwTs37Zh,哥哥の深夜食堂(艾尚天地店),743条评价,￥106,日本料理,四川北路/海伦路,https://www.dianping.com/shop/EFVgrPQ8JwTs37Zh,http://p1.meituan.net/merchant/8cc700fcc0896e9363155610c10954eb82720.jpg%40340w_255h_1e_1c_1l%7Cwatermark%3D0,5.0
H5IGb5n7FE6CunHR,Shake Shack(七宝领展广场店),3164条评价,￥77,西式快餐,七宝,https://www.dianping.com/shop/H5IGb5n7FE6CunHR,https://img.meituan.net/content/dd73b25f59e728288fc3e332036f3147184482.jpg%40340w_255h_1e_1c_1l%7Cwatermark%3D0,4.0
jdAstrKrRCIQaMID,Uncle no name无名叔叔•国民西餐(金桥EKA天物店),829条评价,￥108,西餐,金桥,https://www.dianping.com/shop/jdAstrKrRCIQaMID,https://p0.meituan.net/biztone/f08c87dc2c1870efff721ad682525ce1679914.jpg%40340w_255h_1e_1c_1l%7Cwatermark%3D0,4.0
k6xsV967GkNfXtB3,哥哥の深夜食堂(新达汇三林店),2117条评价,￥111,日本料理,世博园,https://www.dianping.com/shop/k6xsV967GkNfXtB3,http://p0.meituan.net/merchant/a2d707a6fcb74cd84a48c7833d0aa8df131633.jpg%40340w_255h_1e_1c_1l%7Cwatermark%3D0,5.0
la4ICmZsMHm7RkAv,咚年生炸鸡架(上海青浦宝龙店),26条评价,￥19,小吃快餐,青浦城区,https://www.dianping.com/shop/la4ICmZsMHm7RkAv,https://img.meituan.net/content/6f0c36d4c009f6a753ca1fea89c72d26196458.jpg%40340w_255h_1e_1c_1l%7Cwatermark%3D0,3.5
G7rYqTz90W9Q27zq,盒马鲜生(宝山宝乐汇店),240条评价,￥89,超市便利,宝山城区/吴淞,https://www.dianping.com/shop/G7rYqTz90W9Q27zq,http://p0.meituan.net/dpmerchantpic/ac6e3cdc93ebeb23ae4f30b67046110a497412.png%40340w_255h_1e_1c_1l%7Cwatermark%3D0,5.0
G3RECv02OPUASBRE,哥哥の深夜食堂(新壹坊店),1608条评价,￥105,日本料理,闵行开发区,https://www.dianping.com/shop/G3RECv02OPUASBRE,http://p1.meituan.net/merchant/c5e1507e5e1b740424bb319cd2e2d531190280.jpg%40340w_255h_1e_1c_1l%7Cwatermark%3D0,5.0
k7pnIqmeqir9FR2J,三匠旬小馆(徐家汇美食城店),960条评价,￥99,日本料理,万体馆,https://www.dianping.com/shop/k7pnIqmeqir9FR2J,http://p0.meituan.net/merchant/e79db2321eb912982fae607ee826ee3f667443.jpg%40340w_255h_1e_1c_1l%7Cwatermark%3D0,5.0
F58CFCIpdOsaF39c,咕的咕的碳烤肉店(广灵四路店),11194条评价,￥105,韩国料理,赤峰路,https://www.dianping.com/shop/F58CFCIpdOsaF39c,https://img.meituan.net/content/9649e1bdae136592e2c7b76ab32735bc331127.jpg%40340w_255h_1e_1c_1l%7Cwatermark%3D0,4.0
k2lFcudNOEiexPuq,玛嘉烈(周浦万达店),5641条评价,￥53,茶餐厅,康桥/周浦,https://www.dianping.com/shop/k2lFcudNOEiexPuq,http://p1.meituan.net/biztone/1280372141_1689246916389.jpeg%40340w_255h_1e_1c_1l%7Cwatermark%3D0,4.5
l5eoPGeNx8tS64C5,安又胖韩国烤肉(中庚漫游城店),3305条评价,￥110,韩式烤肉,莲花路/南方商城,https://www.dianping.com/shop/l5eoPGeNx8tS64C5,https://img.meituan.net/content/3065695ef8ac1ef2bdff653176dcc93f632688.jpg%40340w_255h_1e_1c_1l%7Cwatermark%3D0,4.0
Ez2HUIE9ejKTPLJV,HanBang韩式炸鸡·火鸡面(第1档口杨行美食城店),-,￥27,炸鸡炸串,杨行镇,https://www.dianping.com/shop/Ez2HUIE9ejKTPLJV,http://p0.meituan.net/poipicadd/4561d50519b424f7729ff7cc06c6ab6244664.jpg%40340w_255h_1e_1c_1l%7Cwatermark%3D0,0.0
G6pMPG0Pq8SU2wYT,四期第一炸(青橙生活广场店),472条评价,￥17,炸鸡炸串,松江大学城,https://www.dianping.com/shop/G6pMPG0Pq8SU2wYT,http://qcloud.dpfile.com/pc/t-h3ZvEcpdbcEuQjjxlxA9N1hwNeZAoYVAw9Cm66HHOgyRN0TVJ3isxCoRdI3HU3bKcq9vnEaGy3xLEf-_v_oA.jpg,4.0
G9GvL08H2Duvvyc7,安又胖韩国烤肉(徐汇日月光店),3808条评价,￥110,韩式烤肉,漕河泾/田林,https://www.dianping.com/shop/G9GvL08H2Duvvyc7,https://img.meituan.net/content/3065695ef8ac1ef2bdff653176dcc93f632688.jpg%40340w_255h_1e_1c_1l%7Cwatermark%3D0,5.0
k3KEQghPsv47fsF1,哥哥の深夜食堂(宝山上大芈城科创街店),1274条评价,￥96,日本料理,上海大学,https://www.dianping.com/shop/k3KEQghPsv47fsF1,http://p1.meituan.net/merchant/8cc700fcc0896e9363155610c10954eb82720.jpg%40340w_255h_1e_1c_1l%7Cwatermark%3D0,5.0
l8sWYcOyYP3clhYQ,满巍明生炸鸡架(中冶祥腾城市广场店),2条评价,￥29,小吃快餐,南翔,https://www.dianping.com/shop/l8sWYcOyYP3clhYQ,https://p0.meituan.net/biztone/aee05ee70cc42a3a96257ce7e7fe3447942676.jpg%40340w_255h_1e_1c_1l%7Cwatermark%3D0,3.5
k8MKKTOsnmBRMILY,丼丼屋(上海荟聚店),692条评价,￥80,日本料理,北新泾/淞虹路,https://www.dianping.com/shop/k8MKKTOsnmBRMILY,https://img.meituan.net/content/c9b44db6ea56fe21c41798ebb6fe0c8f125978.jpg%40340w_255h_1e_1c_1l%7Cwatermark%3D0,5.0
H3bKKUf3MNY7PknQ,满巍明生炸鸡架(松江吾悦店),106条评价,￥25,小吃快餐,飞航广场,https://www.dianping.com/shop/H3bKKUf3MNY7PknQ,https://p0.meituan.net/biztone/aee05ee70cc42a3a96257ce7e7fe3447942676.jpg%40340w_255h_1e_1c_1l%7Cwatermark%3D0,3.5
i9uBb6PsTzDgNpJr,满巍明生炸鸡架(普陀中环百联店),156条评价,￥28,小吃快餐,普陀区,https://www.dianping.com/shop/i9uBb6PsTzDgNpJr,https://p0.meituan.net/biztone/aee05ee70cc42a3a96257ce7e7fe3447942676.jpg%40340w_255h_1e_1c_1l%7Cwatermark%3D0,4.0
k2fIPSkrQHkTE9KA,X BUFF(博荟广场店),2481条评价,￥128,西餐,西藏南路/世博会馆,https://www.dianping.com/shop/k2fIPSkrQHkTE9KA,https://p0.meituan.net/biztone/5be7a6347d33ca707c8248c35019a137508035.jpg%40340w_255h_1e_1c_1l%7Cwatermark%3D0,5.0
k9JsCHt6Q7sNWCkz,班班的摊摊(宝山日月光店),5386条评价,￥105,泰国菜,彭浦镇,https://www.dianping.com/shop/k9JsCHt6Q7sNWCkz,http://p0.meituan.net/biztone/1987033763_1647404257954.jpeg%40340w_255h_1e_1c_1l%7Cwatermark%3D0,4.0
G83GjgdWIQufz8gD,卡乐星(浦东机场店),880条评价,￥70,西式快餐,浦东机场/机场镇,https://www.dianping.com/shop/G83GjgdWIQufz8gD,https://img.meituan.net/msmerchant/f89678351320b8922bf64c53d6b89492301425.jpg%40340w_255h_1e_1c_1l%7Cwatermark%3D0,4.0
G2sRMAMFXpKI5ERX,吉米鸡创意料理(松江大学城店),331条评价,￥62,韩国料理,松江大学城,https://www.dianping.com/shop/G2sRMAMFXpKI5ERX,http://p0.meituan.net/merchant/b064500f17bb30e88ba98c4d50a7005d307532.jpg%40340w_255h_1e_1c_1l%7Cwatermark%3D0,4.5
H5uHyrjxoxn4aQgo,丼丼屋(迪士尼小镇店),12292条评价,￥91,日本料理,迪士尼,https://www.dianping.com/shop/H5uHyrjxoxn4aQgo,https://img.meituan.net/content/c9b44db6ea56fe21c41798ebb6fe0c8f125978.jpg%40340w_255h_1e_1c_1l%7Cwatermark%3D0,4.5
G63A6YhitURki8qr,88首尔小酒馆 88POCHA(蒙自路店),1069条评价,￥112,韩国料理,打浦桥/田子坊,https://www.dianping.com/shop/G63A6YhitURki8qr,https://img.meituan.net/content/48dbe34fe64670ea0d7f0644ac755ead187855.jpg%40340w_255h_1e_1c_1l%7Cwatermark%3D0,4.0
G566uBPkGWKRxqfS,喜樂の深夜食堂(塘桥店),1638条评价,￥104,日本料理,塘桥,https://www.dianping.com/shop/G566uBPkGWKRxqfS,https://img.meituan.net/content/0a505b0879ff096b826604b023a4c13a32626.jpg%40340w_255h_1e_1c_1l%7Cwatermark%3D0,5.0
G2DFeVmiypWq4YwD,叔叔家深夜食堂(颛桥米兰广场店),1707条评价,￥94,日本料理,颛桥/北桥,https://www.dianping.com/shop/G2DFeVmiypWq4YwD,http://p0.meituan.net/merchant/bd9b97a4ce200fe1953828099ee13264136702.jpg%40340w_255h_1e_1c_1l%7Cwatermark%3D0,5.0
kaFbsfbn690PBQEQ,安又胖韩国烤肉(美罗城店),13623条评价,￥110,韩式烤肉,徐家汇,https://www.dianping.com/shop/kaFbsfbn690PBQEQ,https://img.meituan.net/content/3065695ef8ac1ef2bdff653176dcc93f632688.jpg%40340w_255h_1e_1c_1l%7Cwatermark%3D0,4.5
k9RuZf5683FmYVJv,Stargazer Grill 星露台餐厅,3025条评价,￥104,快餐简餐,迪士尼,https://www.dianping.com/shop/k9RuZf5683FmYVJv,http://p1.meituan.net/biztone/93435763_1679298216422.jpeg%40340w_255h_1e_1c_1l%7Cwatermark%3D0,4.0
GaVqdryUcrMTfk6W,艳姐东北老式麻辣烫炸串,555条评价,￥44,麻辣烫,七宝,https://www.dianping.com/shop/GaVqdryUcrMTfk6W,http://p0.meituan.net/merchant/43838df10a730e9e2f2dc6ab040ca99978514.jpg%40340w_255h_1e_1c_1l%7Cwatermark%3D0,4.5
k10UtR4A5DFHIiYZ,哥哥の深夜食堂(塞纳新天地店),747条评价,￥116,日本料理,江学路,https://www.dianping.com/shop/k10UtR4A5DFHIiYZ,http://p1.meituan.net/merchant/c5e1507e5e1b740424bb319cd2e2d531190280.jpg%40340w_255h_1e_1c_1l%7Cwatermark%3D0,5.0
H7HEDFdwUamTm1iX,蜡笔小新主题汉堡(闵行旗舰店),652条评价,￥35,西式快餐,虹桥枢纽,https://www.dianping.com/shop/H7HEDFdwUamTm1iX,http://p0.meituan.net/biztone/1215318853_1620193727019.jpeg%40340w_255h_1e_1c_1l%7Cwatermark%3D0,3.5
H8UaTDsTf2oaxRkZ,Mokpo·木浦·韩式烤肉(CP静安店),607条评价,￥138,韩国料理,静安寺,https://www.dianping.com/shop/H8UaTDsTf2oaxRkZ,https://img.meituan.net/content/bd4eb605d5339c8f30268cd7871224d175559.jpg%40340w_255h_1e_1c_1l%7Cwatermark%3D0,4.0
l6DdI6G5kiwqltQf,阿大の深夜食堂(宝杨宝龙店),1025条评价,￥98,日本料理,宝山城区/吴淞,https://www.dianping.com/shop/l6DdI6G5kiwqltQf,http://p1.meituan.net/merchant/c4cd9c6623b8c024a3e3e68554a2520861422.jpg%40340w_255h_1e_1c_1l%7Cwatermark%3D0,5.0
l5bfcwF2kcdGxxtf,哥哥の深夜食堂(城市集市龙之梦店),2324条评价,￥106,日本料理,中山公园/江苏路,https://www.dianping.com/shop/l5bfcwF2kcdGxxtf,http://p0.meituan.net/merchant/a2d707a6fcb74cd84a48c7833d0aa8df131633.jpg%40340w_255h_1e_1c_1l%7Cwatermark%3D0,5.0
H2juayYFxBqoFRfH,老街里·炸鸡腿(板桥西路店),-,￥0,炸鸡炸串,蒙山路,https://www.dianping.com/shop/H2juayYFxBqoFRfH,http://p1.meituan.net/searchscenerec/268fcf0cf9da6ee9de81082cd414d859167595.png%40340w_255h_1e_1c_1l%7Cwatermark%3D0,0.0
H2bFTiXSKhKw2Hov,東大门一头猪·旗舰首店(定西路店),1579条评价,￥139,韩式烤肉,中山公园/江苏路,https://www.dianping.com/shop/H2bFTiXSKhKw2Hov,https://img.meituan.net/content/db391b77a0e33662a5abcc339d33536b108828.jpg%40340w_255h_1e_1c_1l%7Cwatermark%3D0,4.5
k9RNUoNPwJh3z1Vq,sage gastro,313条评价,￥513,创意菜,南京西路,https://www.dianping.com/shop/k9RNUoNPwJh3z1Vq,http://p0.meituan.net/merchant/ea7aa4b1496cf7c1421a400100524497374820.jpg%40340w_255h_1e_1c_1l%7Cwatermark%3D0,4.0
l46bmmQERhTioBD4,CHARLIE'S粉红汉堡(万科天空之城店),592条评价,￥56,西式快餐,国家会展中心,https://www.dianping.com/shop/l46bmmQERhTioBD4,https://img.meituan.net/content/26d69c3520ff443a536284dd115821e8188974.jpg%40340w_255h_1e_1c_1l%7Cwatermark%3D0,4.5
l7fU0cGEfJdaBOsO,得一日本料理·日式猪排(南翔店),2001条评价,￥147,日本料理,南翔,https://www.dianping.com/shop/l7fU0cGEfJdaBOsO,https://p1.meituan.net/horusaigcgenimg/3dbfda79654cf13cc01652ef095b60941673121.png%40340w_255h_1e_1c_1l%7Cwatermark%3D0,4.5
isZAHlfHjag4yBFJ,哥哥の深夜食堂(西岸梦中心店),3824条评价,￥106,日本料理,龙华/西岸,https://www.dianping.com/shop/isZAHlfHjag4yBFJ,https://p0.meituan.net/biztone/f6260604add256ce2f0c062e8563cc1b84965.jpg%40340w_255h_1e_1c_1l%7Cwatermark%3D0,4.5
k2odhOd6g3GOnijq,王胖胖延边料理(青浦吾悦店),382条评价,￥68,韩国料理,青浦城区,https://www.dianping.com/shop/k2odhOd6g3GOnijq,http://p0.meituan.net/merchant/9267f6ca6b745cf0449b27fdc40d1a76275775.jpg%40340w_255h_1e_1c_1l%7Cwatermark%3D0,4.0
k5iMdFUllrUupKHz,满巍明生炸鸡架(LuOne凯德晶萃广场店),6条评价,￥27,炸鸡炸串,新天地/马当路,https://www.dianping.com/shop/k5iMdFUllrUupKHz,https://p0.meituan.net/biztone/aee05ee70cc42a3a96257ce7e7fe3447942676.jpg%40340w_255h_1e_1c_1l%7Cwatermark%3D0,3.5
k1cKh6m1g4nem5Ki,万戒•深夜食堂(康桥新田360店),2211条评价,￥113,日本料理,康桥/周浦,https://www.dianping.com/shop/k1cKh6m1g4nem5Ki,https://p0.meituan.net/biztone/9f583fb283b0137a8f19eb6c7336af00829104.jpg%40340w_255h_1e_1c_1l%7Cwatermark%3D0,5.0
GaGCdECbfRjF8653,胡麻(静安嘉里店),16126条评价,￥130,特色菜,南京西路,https://www.dianping.com/shop/GaGCdECbfRjF8653,https://img.meituan.net/content/35b23132cba49128620af649f1b24c011894420.png%40340w_255h_1e_1c_1l%7Cwatermark%3D0,3.5
G72XQdeVQuoctzjn,BARNCOOK手工披萨(云间粮仓店),743条评价,￥76,西餐,松江镇,https://www.dianping.com/shop/G72XQdeVQuoctzjn,http://p0.meituan.net/merchant/1700aa74d9237dfdc40a6a322104850d369138.jpg%40340w_255h_1e_1c_1l%7Cwatermark%3D0,4.5
G6oQSF1B8vsuqgmq,大森の深夜食堂(宝山经纬汇店),979条评价,￥102,日本料理,上海大学,https://www.dianping.com/shop/G6oQSF1B8vsuqgmq,https://img.meituan.net/content/451ee84723134e2b8454d30ebc2ed7a4132480.jpg%40340w_255h_1e_1c_1l%7Cwatermark%3D0,5.0
k9H3Q4LXnzVwhKly,CITY MART 城市集市(上海荟聚店),312条评价,￥45,快餐简餐,北新泾/淞虹路,https://www.dianping.com/shop/k9H3Q4LXnzVwhKly,https://img.meituan.net/content/1c21155b484a934c5810acde3aa83c49103016.jpg%40340w_255h_1e_1c_1l%7Cwatermark%3D0,4.0
k1HnhHiueqtFiIBb,盒马NB(宝山水产西路店),6条评价,￥0,超市便利,宝山区,https://www.dianping.com/shop/k1HnhHiueqtFiIBb,http://p0.meituan.net/dpmerchantpic/53d38c3f7b3a868b7eb0c2e4bb6bb14992427.jpg%40340w_255h_1e_1c_1l%7Cwatermark%3D0,4.5
H31bVtvp9dMVfxUg,北莫谷韩国明星餐厅(环球金融中心店),2425条评价,￥121,韩国料理,陆家嘴,https://www.dianping.com/shop/H31bVtvp9dMVfxUg,https://img.meituan.net/content/6df3eb98946c7810bfc81969072d5cdc296357.jpg%40340w_255h_1e_1c_1l%7Cwatermark%3D0,4.0
l3o4XH3vaUUIi4kJ,COMMUNE幻师(七宝宝龙店),2197条评价,￥94,西餐,七宝,https://www.dianping.com/shop/l3o4XH3vaUUIi4kJ,https://img.meituan.net/content/ca601b78ec87c364e640390c1fb9152d139551.jpg%40340w_255h_1e_1c_1l%7Cwatermark%3D0,4.5
G6WhpUoiAElcadHj,千寻烧鸟居酒屋(黄浦店),5160条评价,￥114,日本料理,打浦桥/田子坊,https://www.dianping.com/shop/G6WhpUoiAElcadHj,http://p0.meituan.net/biztone/87f49ee04c6ee2514fd2390660a446c8178899.jpg%40340w_255h_1e_1c_1l%7Cwatermark%3D0,5.0
H7qiK2JnZw2nhGEp,下町深夜食堂(临港共享区店),2592条评价,￥77,日本料理,滴水湖临港地区,https://www.dianping.com/shop/H7qiK2JnZw2nhGEp,https://p0.meituan.net/horusaigcgenimg/43e0ae48e3167ebf7d0087c8f8539a3f2908361.png%40340w_255h_1e_1c_1l%7Cwatermark%3D0,4.5
H9YQs55bHrzHoInj,EGG BOMB(浦东国际机场T1航站楼店),310条评价,￥47,西式快餐,浦东机场/机场镇,https://www.dianping.com/shop/H9YQs55bHrzHoInj,https://img.meituan.net/content/849fc089b9dfdac5e2dd13f6c628b8892878768.png%40340w_255h_1e_1c_1l%7Cwatermark%3D0,4.0
G1Ankl6TpLYkiTVD,千鸣鸟赋·烧物料理,357条评价,￥133,日本料理,浦江镇,https://www.dianping.com/shop/G1Ankl6TpLYkiTVD,https://img.meituan.net/content/2775d1384c2199790eb5156ad13c09ef115866.jpg%40340w_255h_1e_1c_1l%7Cwatermark%3D0,5.0
k5gOqnSsZ43cmWrX,Brut Eatery(EKA天物店),197条评价,￥107,西餐,金桥,https://www.dianping.com/shop/k5gOqnSsZ43cmWrX,https://img.meituan.net/content/e446732da933ecaffa081c97d887614d176289.jpg%40340w_255h_1e_1c_1l%7Cwatermark%3D0,4.5
l7XUZvLhU6hHjHSc,弘大仁芝士炸鸡,-,￥0,炸鸡炸串,世博园,https://www.dianping.com/shop/l7XUZvLhU6hHjHSc,http://p1.meituan.net/searchscenerec/268fcf0cf9da6ee9de81082cd414d859167595.png%40340w_255h_1e_1c_1l%7Cwatermark%3D0,0.0
l4oupYm1DUSXZVqM,比格比萨自助(宝山日月光店),5101条评价,￥76,披萨自助,彭浦镇,https://www.dianping.com/shop/l4oupYm1DUSXZVqM,https://img.meituan.net/content/d6421a1c94c6ffe0ed57d3fe09054b6d671747.jpg%40340w_255h_1e_1c_1l%7Cwatermark%3D0,4.0
GaPDe2jSG7UZptVz,MOST(淮海中路店),3044条评价,￥126,日本料理,衡山路/复兴西路,https://www.dianping.com/shop/GaPDe2jSG7UZptVz,http://p0.meituan.net/merchant/fdc6bc3eb1055a179b3258b5ab5e633e94012.jpg%40340w_255h_1e_1c_1l%7Cwatermark%3D0,4.0
l5tdk1oAhM50VJYn,Tuna maki寿司(BFC外滩金融中心店),3677条评价,￥136,寿司,外滩,https://www.dianping.com/shop/l5tdk1oAhM50VJYn,https://img.meituan.net/content/4e54586ac540592925ac0fc22dfc5d9f40297.jpg%40340w_255h_1e_1c_1l%7Cwatermark%3D0,4.5
k6zHRtYhxbL6Xjla,哥哥の深夜食堂(金沙和美店),583条评价,￥111,日本料理,丰庄,https://www.dianping.com/shop/k6zHRtYhxbL6Xjla,http://p1.meituan.net/merchant/c5e1507e5e1b740424bb319cd2e2d531190280.jpg%40340w_255h_1e_1c_1l%7Cwatermark%3D0,5.0
k5xyE9lQWymOiUXV,鳥京,681条评价,￥185,日本料理,古北/仙霞新村,https://www.dianping.com/shop/k5xyE9lQWymOiUXV,https://p0.meituan.net/biztone/625cca427ad3dae73ad6936f62db5d83333498.jpg%40340w_255h_1e_1c_1l%7Cwatermark%3D0,4.5
k4KFtZcZ0mvJWYQR,SITE TASTE&FOOD 熟成烤肉(武定路店),1043条评价,￥109,西餐,静安寺,https://www.dianping.com/shop/k4KFtZcZ0mvJWYQR,https://img.meituan.net/content/56360689ed99e1fc8f745912b1b08009209723.jpg%40340w_255h_1e_1c_1l%7Cwatermark%3D0,5.0
G4o56MOWMOT5pJE3,TSOO听说过·韩料요리(临港新天地店),3908条评价,￥80,韩国料理,南汇新城,https://www.dianping.com/shop/G4o56MOWMOT5pJE3,https://img.meituan.net/content/52d9af15aedbf893a7d4514f8d7004a7556145.jpg%40340w_255h_1e_1c_1l%7Cwatermark%3D0,4.0
H4Ft2FrEt7Uyz4VB,好再来炸鸡,-,￥0,炸鸡炸串,临平路/和平公园,https://www.dianping.com/shop/H4Ft2FrEt7Uyz4VB,http://p1.meituan.net/searchscenerec/268fcf0cf9da6ee9de81082cd414d859167595.png%40340w_255h_1e_1c_1l%7Cwatermark%3D0,0.0
H6zTQARma1kcCBPX,满巍明生炸鸡架(新田360店),6条评价,￥30,炸鸡炸串,康桥/周浦,https://www.dianping.com/shop/H6zTQARma1kcCBPX,https://p0.meituan.net/biztone/aee05ee70cc42a3a96257ce7e7fe3447942676.jpg%40340w_255h_1e_1c_1l%7Cwatermark%3D0,3.5
G3IJOFCKsgSkJJUh,Speak Low彼楼,9206条评价,￥196,综合清吧,淮海路,https://www.dianping.com/shop/G3IJOFCKsgSkJJUh,http://p1.meituan.net/scarlett/ca1f4afe128313fcc9606b23642b4d51193251.jpg%40340w_255h_1e_1c_1l%7Cwatermark%3D0,4.0
k8H5UuwbHw7jxJox,AZUL italiano 意大利餐厅(大洋千树店),3978条评价,￥105,意大利菜,长寿路,https://www.dianping.com/shop/k8H5UuwbHw7jxJox,http://p0.meituan.net/biztone/1286007496_1662776092271.jpeg%40340w_255h_1e_1c_1l%7Cwatermark%3D0,4.5
k1CVCNim5rllv1mc,拾月·深夜食堂,11条评价,￥40,快餐简餐,崇明区,https://www.dianping.com/shop/k1CVCNim5rllv1mc,https://p0.meituan.net/biztone/fc72bd662a8b46f5e7dfc471fedd9f7f85368.jpg%40340w_255h_1e_1c_1l%7Cwatermark%3D0,3.5
k9xQUyWroLighG7q,韩学长炸鸡(上海首店),663条评价,￥51,炸鸡炸串,北外滩/外白渡桥,https://www.dianping.com/shop/k9xQUyWroLighG7q,http://p0.meituan.net/biztone/1532204752_1728793920672.jpeg%40340w_255h_1e_1c_1l%7Cwatermark%3D0,3.5
G5ce9ipYDpBjTvei,路边摊(浦泰路店),787条评价,￥49,炸鸡炸串,青浦区,https://www.dianping.com/shop/G5ce9ipYDpBjTvei,http://p1.meituan.net/poipicadd/0cd471b706f8dacdbd55ba18be69a9cd492014.jpg%40340w_255h_1e_1c_1l%7Cwatermark%3D0,4.0
GaScN6bZwDwb6vPt,七八冷面·延边朝鲜美食(奉贤龙湖天街店),2786条评价,￥56,韩国料理,南桥,https://www.dianping.com/shop/GaScN6bZwDwb6vPt,https://img.meituan.net/content/989c35642e525f249d449d9ad006166e232651.jpg%40340w_255h_1e_1c_1l%7Cwatermark%3D0,4.0
H7CR80UW53AqWTwT,王阿姨串串铺,1197条评价,￥26,炸鸡炸串,八佰伴,https://www.dianping.com/shop/H7CR80UW53AqWTwT,http://qcloud.dpfile.com/pc/zYw1OaSUi9X7Xk9R_NW7LFKb10sM7ut9e3osThqXWU9cIGL6n6YbPhgO9ekFYu4tbKcq9vnEaGy3xLEf-_v_oA.jpg,3.5
k7WGkXTgWMwuAN3c,尚牛社会 Beef & Liberty(上海商城店),5927条评价,￥149,西餐,南京西路,https://www.dianping.com/shop/k7WGkXTgWMwuAN3c,https://img.meituan.net/content/920a7e23ec0bbbc5a36a845abb6cb447143422.jpg%40340w_255h_1e_1c_1l%7Cwatermark%3D0,4.0
G3P8TYfbXVUcOs9T,Kokyo Sushi Bar(西岸梦中心店),510条评价,￥223,日本料理,龙华/西岸,https://www.dianping.com/shop/G3P8TYfbXVUcOs9T,https://p0.meituan.net/biztone/2b6f653fc6f60132aaef400f8932b1a8689135.jpg%40340w_255h_1e_1c_1l%7Cwatermark%3D0,4.5
l6Kloi6T74BV8mNJ,七八冷面·延边朝鲜族美食(百联又一城店),6528条评价,￥52,韩国料理,五角场/大学路,https://www.dianping.com/shop/l6Kloi6T74BV8mNJ,https://img.meituan.net/content/fa178ad1cf12b4c7d2f6168e6bf35aaa234292.jpg%40340w_255h_1e_1c_1l%7Cwatermark%3D0,4.0
l6JAbRs8wahCPYOC,Red sixty·SoMoon韩式西餐,680条评价,￥125,韩国料理,九亭,https://www.dianping.com/shop/l6JAbRs8wahCPYOC,https://p0.meituan.net/biztone/fd27f54e759d2f03f8ea22a37aa61584288708.jpg%40340w_255h_1e_1c_1l%7Cwatermark%3D0,4.5
k7ScU0r9XdjdYkQ3,新首尔泥炉烤肉.炭烤活鳗鱼(永平店),1556条评价,￥98,韩式烤肉,交大闵行校区,https://www.dianping.com/shop/k7ScU0r9XdjdYkQ3,https://img.meituan.net/content/6d3a028af72eb2356c32e77bbbe1d1872359170.png%40340w_255h_1e_1c_1l%7Cwatermark%3D0,4.5
H62l9aN9AGVfLP0U,大森の深夜食堂(协信星光广场店),1410条评价,￥101,日本料理,市北工业园/汶水路,https://www.dianping.com/shop/H62l9aN9AGVfLP0U,https://img.meituan.net/content/451ee84723134e2b8454d30ebc2ed7a4132480.jpg%40340w_255h_1e_1c_1l%7Cwatermark%3D0,5.0
G4MqzPHpWM8JInqZ,盒马鲜生(嘉定城中店),963条评价,￥78,超市便利,嘉定镇,https://www.dianping.com/shop/G4MqzPHpWM8JInqZ,http://p0.meituan.net/dpmerchantpic/ac6e3cdc93ebeb23ae4f30b67046110a497412.png%40340w_255h_1e_1c_1l%7Cwatermark%3D0,5.0
GaOtuk6Gk1qvZQRL,满巍明生炸鸡架(龙湖金汇天街店),27条评价,￥18,小吃快餐,金汇镇,https://www.dianping.com/shop/GaOtuk6Gk1qvZQRL,https://p0.meituan.net/biztone/aee05ee70cc42a3a96257ce7e7fe3447942676.jpg%40340w_255h_1e_1c_1l%7Cwatermark%3D0,3.5
H2enTAGXL8f9LAlI,虎刈Tiger bites(江湾里MEET678店),283条评价,￥58,台湾菜,五角场/大学路,https://www.dianping.com/shop/H2enTAGXL8f9LAlI,https://img.meituan.net/content/80a167b1335b7960f2ace072713a647e1054845.png%40340w_255h_1e_1c_1l%7Cwatermark%3D0,4.0
H9g6xRg4ExCKJOax,七八冷面·延边朝鲜族美食(虹口凯德龙之梦店),2984条评价,￥56,韩国料理,虹口龙之梦,https://www.dianping.com/shop/H9g6xRg4ExCKJOax,https://img.meituan.net/content/495dbaf77ed7f805282a80e185a7916f236698.jpg%40340w_255h_1e_1c_1l%7Cwatermark%3D0,4.0
l8MXtOMRmHq17Naq,哥哥の深夜食堂(利园店),437条评价,￥102,日本料理,南京西路,https://www.dianping.com/shop/l8MXtOMRmHq17Naq,https://p0.meituan.net/biztone/f6260604add256ce2f0c062e8563cc1b84965.jpg%40340w_255h_1e_1c_1l%7Cwatermark%3D0,5.0
kauuDqRiABiqdSpB,哥哥の深夜食堂(嘉定宝龙店),2101条评价,￥106,日本料理,嘉定新城,https://www.dianping.com/shop/kauuDqRiABiqdSpB,http://p0.meituan.net/merchant/a2d707a6fcb74cd84a48c7833d0aa8df131633.jpg%40340w_255h_1e_1c_1l%7Cwatermark%3D0,5.0
k86GXdKsng0cE9BA,麦当劳(中侨职业技术大学店),109条评价,￥35,西式快餐,金山区,https://www.dianping.com/shop/k86GXdKsng0cE9BA,https://img.meituan.net/content/8fa1cccdef4e70903378a4a58175e798158756.jpg%40340w_255h_1e_1c_1l%7Cwatermark%3D0,3.5
l5CC8FU4B8DR1fNN,Flipper’s 奇迹舒芙蕾(大陆首店),1934条评价,￥100,西餐,金桥,https://www.dianping.com/shop/l5CC8FU4B8DR1fNN,https://img.meituan.net/content/a0b1e8057ef0cebdf928ca40d5d17b90232818.jpg%40340w_255h_1e_1c_1l%7Cwatermark%3D0,4.0
H7MxzMvYiWS1FyRo,玛嘉烈(月星环球港店),4139条评价,￥55,茶餐厅,月星环球港,https://www.dianping.com/shop/H7MxzMvYiWS1FyRo,https://img.meituan.net/content/f120e00b8c7e25028af6f5cba166ee74362385.png%40340w_255h_1e_1c_1l%7Cwatermark%3D0,4.0
FE46vaCS9x8cs5Gb,北莫谷韩国明星餐厅(环贸IAPM店),2285条评价,￥119,韩国料理,音乐学院/五官科医院,https://www.dianping.com/shop/FE46vaCS9x8cs5Gb,https://img.meituan.net/content/379cd0dcf38e5f2a2fd2211661161768291339.jpg%40340w_255h_1e_1c_1l%7Cwatermark%3D0,4.0
ioHMzoMG0JSUaz34,Bella Vita(上海佛罗伦萨小镇店),3024条评价,￥220,意大利菜,,https://www.dianping.com/shop/ioHMzoMG0JSUaz34,https://p0.meituan.net/biztone/3274576a935f67a938baf51a739efac6280000.jpg%40340w_255h_1e_1c_1l%7Cwatermark%3D0,4.5
H38OBYMjZdoUUaHE,哥哥の深夜食堂(金桥佳邻坊店),838条评价,￥111,日本料理,金桥,https://www.dianping.com/shop/H38OBYMjZdoUUaHE,http://p1.meituan.net/merchant/c5e1507e5e1b740424bb319cd2e2d531190280.jpg%40340w_255h_1e_1c_1l%7Cwatermark%3D0,5.0
G4YJZtO7gR9GBWBN,农场厨房•咖啡,132条评价,￥88,西餐,崇明区,https://www.dianping.com/shop/G4YJZtO7gR9GBWBN,http://p1.meituan.net/merchant/9e59f452692403e5ccd537c31096d008339978.jpg%40340w_255h_1e_1c_1l%7Cwatermark%3D0,5.0
H3OHU2DFzg1HP9Ln,平成屋·午肴夜酒(港汇恒隆广场店),3532条评价,￥95,日本料理,徐家汇,https://www.dianping.com/shop/H3OHU2DFzg1HP9Ln,http://p1.meituan.net/biztone/92296a88ed770278da569cf2303a5a83255875.jpg%40340w_255h_1e_1c_1l%7Cwatermark%3D0,4.0
G72bSMnbvEAFClkZ,Mozzarella e Vino(西岸梦中心店),513条评价,￥160,西餐,龙华/西岸,https://www.dianping.com/shop/G72bSMnbvEAFClkZ,https://img.meituan.net/content/24e50e8a334b5669fb915b2ed55c0cee752754.jpg%40340w_255h_1e_1c_1l%7Cwatermark%3D0,4.0
G1zHfSdjnxVynzvw,六十六汉堡店,1066条评价,￥62,西式快餐,长寿路,https://www.dianping.com/shop/G1zHfSdjnxVynzvw,http://p0.meituan.net/merchant/8d285ed09726e8935de98ecc3ba1780c171928.jpg%40340w_255h_1e_1c_1l%7Cwatermark%3D0,3.5
G3MGGtqasJhxu2bY,锦炙·自然慢炙料理(浦江城市生活广场店),3059条评价,￥113,日本料理,浦江镇,https://www.dianping.com/shop/G3MGGtqasJhxu2bY,https://img.meituan.net/content/3abdde2358dbf21c845812e8fe22c0f61131561.png%40340w_255h_1e_1c_1l%7Cwatermark%3D0,5.0
l2ZzGNiu4XMbc5Ad,KIMI大熊韩国炸鸡,-,￥0,炸鸡炸串,宝山区,https://www.dianping.com/shop/l2ZzGNiu4XMbc5Ad,http://p1.meituan.net/searchscenerec/268fcf0cf9da6ee9de81082cd414d859167595.png%40340w_255h_1e_1c_1l%7Cwatermark%3D0,0.0
l2r5kfY1RAaLHpje,青春贝壳韩国烤肉Korean Bistro(EKA天物店),2025条评价,￥122,韩国料理,金杨地区,https://www.dianping.com/shop/l2r5kfY1RAaLHpje,https://p0.meituan.net/biztone/4ba6d8e41b9ec0b5e2267892b7ce6568644979.jpg%40340w_255h_1e_1c_1l%7Cwatermark%3D0,4.5
H5FfJtYc0EDrSCtz,特色鸡碎骨(上川路店),1条评价,￥0,炸鸡炸串,曹路,https://www.dianping.com/shop/H5FfJtYc0EDrSCtz,http://p0.meituan.net/poipicadd/42de8fa53a5b92bf126c5739e34a5c47347519.jpg%40340w_255h_1e_1c_1l%7Cwatermark%3D0,0.0
G7eqjFQdn1VHpbiG,安又胖韩国烤肉(北外滩来福士店),7458条评价,￥110,韩式烤肉,北外滩/外白渡桥,https://www.dianping.com/shop/G7eqjFQdn1VHpbiG,https://img.meituan.net/content/3065695ef8ac1ef2bdff653176dcc93f632688.jpg%40340w_255h_1e_1c_1l%7Cwatermark%3D0,4.5
H9mxNUNx7nsjhT2U,比格比萨自助(临港万达店),2825条评价,￥75,披萨自助,滴水湖临港地区,https://www.dianping.com/shop/H9mxNUNx7nsjhT2U,https://img.meituan.net/content/d6421a1c94c6ffe0ed57d3fe09054b6d671747.jpg%40340w_255h_1e_1c_1l%7Cwatermark%3D0,4.0
k9unfQDyD6FdmmMM,WESTWORLD,2712条评价,￥114,西餐,惠南镇,https://www.dianping.com/shop/k9unfQDyD6FdmmMM,https://img.meituan.net/content/bf2b61d8852db24c08eda40abe441f44501947.png%40340w_255h_1e_1c_1l%7Cwatermark%3D0,4.5
l2KRam6g5Ia5j3mR,福樂の小酒馆(秀浦路店),966条评价,￥100,日本料理,康桥/周浦,https://www.dianping.com/shop/l2KRam6g5Ia5j3mR,https://p0.meituan.net/biztone/02070649d0650b563d1afcfd7004f664467809.jpg%40340w_255h_1e_1c_1l%7Cwatermark%3D0,4.5
l1DftBKOHbti94Qa,亲旧·韩餐·部队锅(张江万科翡翠公园店),954条评价,￥48,韩国料理,张江,https://www.dianping.com/shop/l1DftBKOHbti94Qa,https://p0.meituan.net/biztone/2bf422520980665009ca6dcf2213988b365394.jpg%40340w_255h_1e_1c_1l%7Cwatermark%3D0,4.0
l5FviXHu5wrPaNSc,AYO PARK喝酒公园(大学路店),1161条评价,￥113,西餐,五角场/大学路,https://www.dianping.com/shop/l5FviXHu5wrPaNSc,http://p0.meituan.net/biztone/596707345_1676449615689.jpeg%40340w_255h_1e_1c_1l%7Cwatermark%3D0,4.5
jQlEuleqGuHVX4tA,二顿牛摩登居酒屋,129条评价,￥107,日本料理,七宝,https://www.dianping.com/shop/jQlEuleqGuHVX4tA,http://p1.meituan.net/biztone/cd880701f0528f58b222888363a0c490291497.jpg%40340w_255h_1e_1c_1l%7Cwatermark%3D0,4.5
k2klgwTsn8v22h8A,THE FRIENDS CAFE老友记主题店(哈尔滨路店),4036条评价,￥66,咖啡厅,临平路/和平公园,https://www.dianping.com/shop/k2klgwTsn8v22h8A,http://p1.meituan.net/merchant/7ae8163670dd7de93fd2df2ced8facbc320063.jpg%40340w_255h_1e_1c_1l%7Cwatermark%3D0,4.0
HaAEul2RxDluelvY,食其家.牛丼咖喱(浦东机场卫星厅店),124条评价,￥38,日式简餐/快餐,浦东机场/机场镇,https://www.dianping.com/shop/HaAEul2RxDluelvY,https://img.meituan.net/content/2de44af26fb8d2a26beda8806c8ea551210260.png%40340w_255h_1e_1c_1l%7Cwatermark%3D0,4.0
G8QGLdbxKT8xc3U6,大八屋顶牛排馆LargeEight Steak House & Patio(前滩L...,1949条评价,￥398,牛排,前滩,https://www.dianping.com/shop/G8QGLdbxKT8xc3U6,https://img.meituan.net/content/33b4c18da06035cf59017a79b9131f2f303761.jpg%40340w_255h_1e_1c_1l%7Cwatermark%3D0,5.0
H1AX2ScYXgmaa2T1,萨莉亚意式餐厅(龙阳广场店),2502条评价,￥48,意大利菜,世纪公园/科技馆,https://www.dianping.com/shop/H1AX2ScYXgmaa2T1,https://img.meituan.net/content/446e22b184c13b6e880c31be5bff43971301157.png%40340w_255h_1e_1c_1l%7Cwatermark%3D0,4.0
k3PkmDfF30wdsPbC,琥家(BFC外滩金融中心店),2638条评价,￥49,日式面条,外滩,https://www.dianping.com/shop/k3PkmDfF30wdsPbC,https://img.meituan.net/content/db1adc8ac046204707d2e6f44b6aa3a21483365.png%40340w_255h_1e_1c_1l%7Cwatermark%3D0,4.0
kaBBkiESwtM4G4lY,济州食堂by钟路商会(长宁龙之梦店),5525条评价,￥138,韩国料理,中山公园/江苏路,https://www.dianping.com/shop/kaBBkiESwtM4G4lY,http://p0.meituan.net/waimaidpoipicmining/4f0f4b9046ae1e3fc056f82256bc56e02216895.png%40340w_255h_1e_1c_1l%7Cwatermark%3D0,4.5
H4kTsSFvJhqB8xQQ,大福食堂·山葵烤肉料理·拌饭(上海首店),589条评价,￥77,韩国料理,安亭镇,https://www.dianping.com/shop/H4kTsSFvJhqB8xQQ,https://p0.meituan.net/biztone/69cf04f63305e9298258642203717a01537263.jpg%40340w_255h_1e_1c_1l%7Cwatermark%3D0,4.5
Ha8P7vK13hwFxRVG,雄逗逗炸鸡,-,￥0,炸鸡炸串,莘庄,https://www.dianping.com/shop/Ha8P7vK13hwFxRVG,http://p1.meituan.net/searchscenerec/268fcf0cf9da6ee9de81082cd414d859167595.png%40340w_255h_1e_1c_1l%7Cwatermark%3D0,0.0
G6AM0UUJ56L3EhlZ,Wagas沃歌斯(奉贤龙湖天街店),635条评价,￥82,西餐,南桥,https://www.dianping.com/shop/G6AM0UUJ56L3EhlZ,https://img.meituan.net/content/1421fbe26e33bcca7e5270b51ca4acb7137545.jpg%40340w_255h_1e_1c_1l%7Cwatermark%3D0,5.0
G33orCuLAGgxjp8d,七八冷面·延边朝鲜族美食(闵行龙湖天街店),2792条评价,￥56,韩国料理,老闵行/交大师大,https://www.dianping.com/shop/G33orCuLAGgxjp8d,https://img.meituan.net/content/989c35642e525f249d449d9ad006166e232651.jpg%40340w_255h_1e_1c_1l%7Cwatermark%3D0,4.0
k6xyuO3mynwENoSz,西塔老太太泥炉烤肉(百联南方店),5499条评价,￥132,韩式烤肉,莲花路/南方商城,https://www.dianping.com/shop/k6xyuO3mynwENoSz,http://p0.meituan.net/biztone/1761351615_1708667935033.jpeg%40340w_255h_1e_1c_1l%7Cwatermark%3D0,5.0
HaqKUrXU7qMIJ9Ez,大森の大众食堂(宝山正大乐城店),1253条评价,￥97,日本料理,顾村公园,https://www.dianping.com/shop/HaqKUrXU7qMIJ9Ez,https://img.meituan.net/content/c4254cb7f611784735ea4321830cc25a89229.jpg%40340w_255h_1e_1c_1l%7Cwatermark%3D0,4.5
l1clcaXSa1qsfCS6,哥哥の深夜食堂(虹桥天街店),1914条评价,￥124,日本料理,虹桥枢纽,https://www.dianping.com/shop/l1clcaXSa1qsfCS6,http://p0.meituan.net/merchant/a2d707a6fcb74cd84a48c7833d0aa8df131633.jpg%40340w_255h_1e_1c_1l%7Cwatermark%3D0,5.0
k6BVu3iRaKEqP9nZ,CHARLIE'S粉红汉堡(陆家嘴中心店),2680条评价,￥53,西式快餐,八佰伴,https://www.dianping.com/shop/k6BVu3iRaKEqP9nZ,https://img.meituan.net/content/26d69c3520ff443a536284dd115821e8188974.jpg%40340w_255h_1e_1c_1l%7Cwatermark%3D0,4.0
H6nIoVEURyW9GdwF,哥哥の深夜食堂(正大广场店),1158条评价,￥113,日本料理,陆家嘴,https://www.dianping.com/shop/H6nIoVEURyW9GdwF,http://p1.meituan.net/merchant/c5e1507e5e1b740424bb319cd2e2d531190280.jpg%40340w_255h_1e_1c_1l%7Cwatermark%3D0,5.0
l6haGcH1QL42EVxQ,平成屋·午肴夜酒(上生新所店),3410条评价,￥92,日本料理,上海影城/新华路,https://www.dianping.com/shop/l6haGcH1QL42EVxQ,http://p0.meituan.net/biztone/ff8143d5e5c3ac1e27e48a7045818016255926.jpg%40340w_255h_1e_1c_1l%7Cwatermark%3D0,4.0
G4c1FpuZtCr8Bqqk,金泉家韩国料理(顾北路店),1192条评价,￥90,韩国料理,顾村公园,https://www.dianping.com/shop/G4c1FpuZtCr8Bqqk,http://qcloud.dpfile.com/pc/mG1Inz03KwVQFocCq35a67ANvr6TbjVwtiuZqP6cpp3AxzdekhTcSA766YY2lur4bKcq9vnEaGy3xLEf-_v_oA.jpg,4.5
k1F0t3nhuQgTWz8Y,雾山韩国料理(上海漕河泾万丽酒店),2037条评价,￥164,韩国料理,虹桥镇,https://www.dianping.com/shop/k1F0t3nhuQgTWz8Y,https://p0.meituan.net/biztone/e4c7036af33310a42f873a7549e41f59605720.jpg%40340w_255h_1e_1c_1l%7Cwatermark%3D0,4.5
H82mc48ixOLgfeql,绫野阁深夜食堂(佘山旭辉里店),636条评价,￥95,日本料理,佘山,https://www.dianping.com/shop/H82mc48ixOLgfeql,https://p0.meituan.net/biztone/d873ff6e22c8197b9aa90685cac92dac356491.jpg%40340w_255h_1e_1c_1l%7Cwatermark%3D0,4.0
l6T2RJTRUa3I4md2,牛志牛肠烧肉(锦安东路店),978条评价,￥157,日式烧烤/烤肉,花木,https://www.dianping.com/shop/l6T2RJTRUa3I4md2,http://p0.meituan.net/biztone/1496661842_1683895047499.jpeg%40340w_255h_1e_1c_1l%7Cwatermark%3D0,5.0
G2EuE3Rczxt2RV5d,哥哥の深夜食堂(228街坊店),1487条评价,￥94,日本料理,黄兴公园,https://www.dianping.com/shop/G2EuE3Rczxt2RV5d,http://p1.meituan.net/merchant/8cc700fcc0896e9363155610c10954eb82720.jpg%40340w_255h_1e_1c_1l%7Cwatermark%3D0,5.0
l4x50GkPGkeL7ayq,Day By Day创意韩料(上海首店),1959条评价,￥108,韩国料理,南翔,https://www.dianping.com/shop/l4x50GkPGkeL7ayq,https://img.meituan.net/content/51283aab149fa06192905f6c9aaf326f154489.jpg%40340w_255h_1e_1c_1l%7Cwatermark%3D0,4.0
H7yh6MhHRxr55Fu9,bluefrog蓝蛙(置汇旭辉店),4698条评价,￥138,西餐,洋泾,https://www.dianping.com/shop/H7yh6MhHRxr55Fu9,https://img.meituan.net/content/c14847b31f011d9d94d66c46238b3a0b365605.jpg%40340w_255h_1e_1c_1l%7Cwatermark%3D0,4.5
Ga1gN14wEKQc3bqC,大森の深夜食堂(潘广路太阳里店),1493条评价,￥110,日本料理,顾村公园,https://www.dianping.com/shop/Ga1gN14wEKQc3bqC,https://img.meituan.net/content/451ee84723134e2b8454d30ebc2ed7a4132480.jpg%40340w_255h_1e_1c_1l%7Cwatermark%3D0,4.5
H5nYxuizWHjziSNp,鳩玉YAKITORI·烧鸟·深夜酒场,1069条评价,￥293,日本料理,静安寺,https://www.dianping.com/shop/H5nYxuizWHjziSNp,https://p0.meituan.net/biztone/97e0710fe617bd7e94800f7a793e593f260023.jpg%40340w_255h_1e_1c_1l%7Cwatermark%3D0,5.0
H8BO8zM0Vs0009cJ,眷屋の深夜食堂(云瑞邻里中心店),1194条评价,￥101,日本料理,宝山万达广场,https://www.dianping.com/shop/H8BO8zM0Vs0009cJ,https://p0.meituan.net/biztone/1f771fb0a2cb742bda44b1ece5e0b8d7292009.jpg%40340w_255h_1e_1c_1l%7Cwatermark%3D0,4.5
i4W664BToFSyl0Bq,熏今·和牛烧肉 Modern Yakiniku(虹桥天地店),2913条评价,￥568,日式烧烤/烤肉,虹桥枢纽,https://www.dianping.com/shop/i4W664BToFSyl0Bq,https://p0.meituan.net/biztone/e14bd5d0b05403a8a02bcdbfe9d39400502478.jpg%40340w_255h_1e_1c_1l%7Cwatermark%3D0,5.0
